Student ID,Name,Gender,Parental Support,Previous Grade,Study Hours Per Week,Extracurricular Activities,Attendance Rate,Final Grade
0,Ashley Griffin,Male,Medium,77.48357076505616,24.99677718293001,5,53.24821725025618,74.92498831122838
1,Janet Singh,Male,High,84.30867849414408,29.623168414563843,2,74.55481329284483,99.0
2,Richard Bernard,Female,Medium,78.23844269050346,18.29815184960087,5,52.075800790000386,74.30787186561432
3,Vanessa Meyer,Male,Medium,82.61514928204012,14.765316111472131,1,64.9203847036096,89.17899274436645
4,Rodney Holmes,Male,Low,48.82923312638332,15.49111656806795,4,50.0,58.90379875490366
5,Alexis Myers,Male,Low,48.8293152152541,13.967426927108749,0,57.13293707372939,51.75511167525149
6,Mary Smith,Female,Low,57.896064077536955,16.475966100138663,3,50.0,63.859766398269365
7,Kimberly Wiggins,Female,Medium,78.83717364576455,21.175859008409848,4,53.82911368931809,73.35811443050125
8,Margaret Taylor,Male,Low,47.65262807032524,17.247763576596675,3,55.59245668432405,65.34955979477868
9,Jody Paul,Male,Medium,77.71280021792982,15.32382394219716,3,73.37570137626558,77.6307959715988
10,Linda Roberts,Female,Medium,72.68291153593769,24.586970328171628,1,51.924401356310256,83.18666847137825
11,David Long,Male,High,82.67135123214871,25.987998023461998,1,70.37275221433785,99.0
12,Melinda Wilson,Female,High,86.20981135783018,35.37630436312632,2,68.30857650212701,99.0
13,Timothy Hodge,Female,High,75.43359877671101,21.55406090955216,2,66.60096898891135,83.03301237325545
14,Jon Gray,Male,High,76.37541083743484,33.67981901582625,3,82.29474841931749,99.0
15,Jonathan Garner,Female,Low,47.188562353795135,12.98955391731324,1,51.06173861227197,59.47330548107212
16,Jill Miller,Male,Low,44.93584439832788,8.742909981927758,4,50.0,38.86909936026025
17,Randall Hopkins,Male,Low,51.57123666297637,9.580570829728392,2,50.0,36.96440167031177
18,Joseph Wright,Female,Low,45.45987962239394,10.3982634590284,1,59.35418030209226,50.71232779837433
19,Karen Moore,Female,High,77.93848149332354,27.120829732009582,0,67.60741605146528,99.0
20,Dr. Michelle Wilkinson,Female,Medium,82.32824384460777,20.6141774401775,0,70.59932630266329,94.84941710554924
21,Michele Cole,Male,Low,48.87111849756732,9.131499980307105,3,51.773769379581914,47.22257137884303
22,Kurt Wood,Female,Low,50.337641023439616,11.878227038695085,5,58.60658595838652,52.4137716077459
23,Leroy Gray,Female,Low,42.87625906893272,22.71135179305932,0,50.0,70.17362945052301
24,Sonya Meyer,Male,Low,47.27808637737409,20.637715850503557,3,50.0,52.827785073076804
25,Angela Brown,Female,Low,50.554612948549334,14.181618348370161,2,52.83849544753695,55.148731955809964
26,Gary Martinez,Female,Medium,69.24503211288848,18.190017390841,1,86.00511181510853,85.77968670832243
27,Samuel Stewart,Male,Medium,76.87849009172837,18.600156633591308,3,76.38946352939438,86.7345166622444
28,Erin Charles,Male,Medium,71.99680655040598,21.06758986365208,3,66.09659415274626,79.85977523641436
29,James Garcia,Female,Low,48.54153125103362,6.886037174007972,1,50.0,47.35206216775222
30,Miss Marissa Murray,Female,Low,46.991466938853016,10.713117312883274,2,59.071225966373106,40.93205857384812
31,Anita Barry,Female,Medium,84.26139092254469,9.657079630612053,4,52.26453800295531,65.68117126496969
32,Christopher Gibson,Female,Medium,74.93251387631032,19.996115613026397,5,64.7635776935622,83.1649611569968
33,Lydia Doyle,Female,Low,44.7114453552205,15.235979698513706,0,60.054701591666266,54.272694086531125
34,Dustin Jenkins,Male,High,89.11272456051594,22.58406768850313,2,86.6020990749888,99.0
35,Heather Williams PhD,Female,Medium,68.89578175014489,25.869933816450164,0,97.59660038911078,99.0
36,Sara Jones,Female,Medium,76.04431797502377,11.871171684988294,1,71.92415967178766,74.02763510924294
37,David Johnson,Male,Medium,65.20164938060113,10.6781255989509,5,54.910363742925014,63.719838448841884
38,Angela Foster,Female,Medium,68.35906975550785,19.12225909279986,3,63.74425687808005,73.09995305056393
39,Kimberly Gibson,Female,Low,50.984306179345616,17.235491513060772,1,50.0,59.543255888930936
40,Emily Martinez,Male,Medium,78.69233289997705,26.419638457289345,3,57.05286868910942,91.84744076341697
41,Mr. Ethan Dunlap,Female,Medium,75.85684140594985,15.7055786856553,0,65.90717561886896,79.74644847566915
42,Tristan Jordan,Female,Medium,74.4217585880588,23.39340416715648,3,58.759116020654076,81.03586689418783
43,Gina Farmer,Male,Low,48.494481522053555,11.807457652496463,4,50.0,52.687823813271145
44,Mary Chavez,Male,High,77.60739004816287,24.136863500295902,2,67.775800676178,97.91298137565671
45,Christopher Nguyen,Male,Medium,71.40077895802645,22.41829968743336,2,77.21030667324472,77.37565681721664
46,Bradley Brewer,Female,Low,47.696806145201066,15.261614392067099,5,50.0,60.688030053340434
47,Joseph Smith,Male,Medium,80.28561113109458,10.118039215078753,2,65.90699678861385,71.34671685371113
48,Mario Spence,Female,Medium,76.71809144784231,25.38270174862948,2,62.72105283487082,91.0902441941547
49,Emily Armstrong,Male,High,76.18479922318633,31.900456770737257,1,79.55190683858979,99.0
50,Dawn Johnson,Female,Medium,76.62041984697397,14.872186492452354,4,70.25098264667635,70.71171803758298
51,Emily Turner,Female,Low,48.07458859791842,13.979017667187046,2,50.0,51.457451627654095
52,Jordan Maldonado,Male,High,81.6153899984702,27.470150931413695,0,73.41883510924744,99.0
53,Thomas Thomas,Male,Medium,78.05838144420434,19.303368829119535,1,64.96273971223336,79.45744948067305
54,Lindsey Wilson,Male,High,90.15499761247976,22.2484742307729,2,62.541290765267846,99.0
55,Jennifer Benton,Female,Medium,79.65640059558099,14.641883160309742,4,53.807421402785025,69.29118598230562
56,Emily Lewis,Male,Low,45.80391238388681,11.872229645042774,0,50.23779126455341,49.86184400953774
57,Ian Martin,Female,Medium,73.45393812074393,23.86364509629682,0,78.74389180712727,92.66306206400682
58,Jennifer Johnson,Male,High,86.65631715701782,27.71800077297216,2,78.62561329001925,99.0
59,Jessica Blackburn,Male,Low,54.877725635611796,10.14692833956947,5,50.0,49.649000702946765
60,Stephanie Buckley,Female,Low,47.60412881077355,15.858493553241724,5,53.50897962167972,58.21180398095428
61,Isaac Zuniga,Male,Medium,74.07170511668092,3.7572868968496227,3,62.62628211600604,59.76100893578117
62,Tim Mercado,Female,High,79.46832512996986,30.743828501860516,4,75.9046484992889,99.0
63,Eddie Davis,Female,Low,44.01896687959665,3.3014311061095025,2,50.0,37.92264351692821
64,Stephanie Holmes,Male,High,89.06262911197099,23.18779529298434,5,72.65362349399628,90.17414149866465
65,Marissa Weber,Male,High,91.78120014285412,19.401650526869282,4,66.17241342388418,94.45415077324623
66,Victoria Ortiz,Female,High,84.63994939209833,18.526592621395473,3,50.0,93.3625562607501
67,Patrick Smith,Female,High,90.01766448946012,30.804133936892597,3,72.65720837813696,99.0
68,Daniel Simpson,Female,Low,51.808180125238174,9.661493993440544,0,69.2274813609994,59.211629836761496
69,Ann Irwin,Female,Medium,71.77440122697438,19.73251940865358,0,79.26215402241593,89.63104376348312
70,Julia Cuevas,Male,Medium,76.80697802754207,17.76539710560408,3,73.6539748459117,76.29080770878174
71,Michael Williams,Female,Low,57.690182832329846,14.385204136115608,3,61.36130721806218,70.75928355233735
72,Nicole Berger,Male,High,84.82086980445024,25.384109455301278,5,70.88657590961438,99.0
73,Rachel Nelson,Female,High,92.82321827907003,18.58503887905715,1,79.97315707405596,99.0
74,Brian Miller Jr.,Male,High,71.90127447955128,29.9813340972357,3,67.8234810456565,94.91999004458035
75,Juan Cole,Female,Low,54.10951252187612,9.531217084193438,1,50.0,61.671575122571696
76,Brandon Schroeder,Male,High,85.43523534119086,17.217090506701247,2,82.15771149771142,97.35769366400518
77,Erica Ortiz,Male,High,83.50496324767066,22.859424195170437,4,84.03884437168816,99.0
78,Matthew Short,Female,High,85.45880388267751,32.503798953171554,2,74.60553724319,99.0
79,Eduardo Fisher,Female,Low,40.06215542699554,16.251108710567465,2,50.0,53.28354953310693
80,Samuel Gates,Female,Medium,73.90164056081244,16.256739327960705,1,68.00527958856597,84.97298558681698
81,Kristina Evans,Female,Medium,76.78556285755873,16.253711478407855,5,66.01206748929116,78.2240985131405
82,Nichole Gonzalez,Female,Low,57.38947022370758,10.391824743913087,5,50.0,43.09062926424298
83,Misty Hansen,Male,High,82.40864890863176,35.383739917804206,4,50.0,97.83801515628275
84,Anthony Rivers,Female,High,80.95753198553406,26.909677261157768,5,64.49463150508416,95.59378619816445
85,Jason Mills,Male,High,82.49121478207732,27.150208235955347,1,65.79287574085842,99.0
86,Justin Miller,Male,High,89.57701058851038,30.15141727015921,0,74.9185980235269,99.0
87,Mckenzie Robertson,Female,Low,51.64375554829842,13.193945795132567,5,50.0,60.08509112244676
88,Rebecca Humphrey,Female,Low,47.351198981164806,10.704789270896484,1,50.0,41.53071739734858
89,Cindy Potts,Male,High,87.56633716556678,24.01825075457511,4,86.52467534470745,99.0
90,Michael Gonzales,Female,High,85.4853877467402,24.641993702929682,0,83.2674476460232,94.65488570908289
91,Valerie Moore,Male,Low,54.84322495266444,11.813888817450792,0,58.004743596108284,62.313941118260054
92,Rebecca Duke,Male,Medium,71.48973453061323,21.6381477181849,3,70.22207144043402,83.65599893398736
93,Isaac Gonzalez,Female,High,83.36168926701116,25.259729429036497,4,60.611668822192314,96.93790152842655
94,Alyssa Miller DDS,Female,High,83.0394592343392,28.663200386077897,3,84.39111787420269,99.0
95,Nicholas Dunn,Female,Medium,67.68242525933941,17.59641709945709,1,67.2423571346454,84.25870242176664
96,Jeffrey Oliver,Male,Medium,76.48060138532288,18.393175951580453,3,70.70480617241212,87.58411686804358
97,Laura Moore,Female,Medium,76.30527636089944,8.008996577339461,4,51.28142766959844,66.4350562531061
98,Jasmine Baker,Male,Low,50.025567283212304,16.58163837351241,3,50.0,57.76060672718261
99,Melissa Ruiz,Female,Low,48.82706433312426,13.732442379489964,2,59.17889658025029,60.6627119891884
100,Sarah Vazquez,Male,Medium,67.92314628974793,22.99005054929826,2,69.76409526097517,81.15208491341288
101,Joseph Rodriguez DDS,Male,Low,47.89677338617321,0.0,0,50.0,43.43648764957284
102,Deanna Martinez,Female,High,83.28642741736616,35.44187352390364,3,65.30336918725305,99.0
103,Ashley Smith,Female,High,80.9886136538919,24.302051859224132,4,83.2543478441477,99.0
104,Madison Sandoval,Male,Medium,74.19357144166996,23.540914083687582,0,58.10588107132672,81.71027744945405
105,Nancy Burns,Female,Low,52.02025428407269,6.800470364372345,5,61.426729532559634,51.70377159700929
106,James Combs,Female,Medium,84.43092950605265,21.06386952531285,4,52.99379265352131,76.48144531005963
107,James Johnson,Female,Low,50.872889064159196,6.732922184131719,4,53.38391925608383,50.305789579325264
108,Ashley Spears,Male,Low,51.28775195361382,8.881155196520975,4,50.0,51.42550408158339
109,Kyle Bray,Male,Medium,74.62777042116916,27.57015676933393,2,72.03187431082343,84.19577688725458
110,Megan Smith,Female,High,75.4061439235048,24.046587996183266,1,72.55885997885807,89.47710193891744
111,Gina Reynolds,Male,High,84.86743062275391,26.087164365898616,3,72.37207093927705,99.0
112,Wendy Tucker,Male,Medium,75.30115104970513,22.35033865344377,2,66.40919175395722,84.35932559449762
113,Jeffrey Gibson,Male,Medium,87.31621056242643,20.47840943986302,3,53.978125442185274,78.14662850836775
114,Gary Parker,Female,Low,49.03819517609439,12.752094525717883,4,54.408243454201255,56.185158184320514
115,Mitchell Taylor,Male,Medium,76.50773671166806,19.824805012331126,1,62.86786433528415,84.01058804475238
116,Sean Robertson,Male,High,84.82644115147379,36.0,5,67.71400084659982,99.0
117,Angela Bonilla,Male,Low,44.15660981190234,11.711906014832072,2,50.0,46.93797364176761
118,Alyssa Reed,Male,Low,55.7141140725751,13.005495233574837,2,50.0,62.135775541402666
119,Danielle Robertson,Male,High,88.75966516343387,30.25327198003806,2,74.08972237399831,99.0
120,Tina Ruiz,Male,High,88.95515973521523,30.52762966478992,0,100.0,99.0
121,Kathleen Jones,Male,Medium,70.4530627260263,23.9351515278019,0,77.84604287898024,87.19638520169276
122,Dr. Stephanie Burns,Male,Medium,82.0139715546805,21.19365111014592,0,69.80739620265605,91.6362271419041
123,Shannon Wilson,Male,High,77.9907446860386,19.284975436347583,5,67.37109170791733,85.2594490116728
124,Christina Petersen,Female,High,87.93428546900135,33.16715766150548,3,74.22465892812046,99.0
125,Andrew Becker,Female,Low,60.952278129049894,6.26827303490656,2,56.4711911517521,56.54246199765682
126,Felicia Choi,Female,Medium,70.04731837434656,19.513177326195166,5,50.0,64.38795970363635
127,Gene Oconnell MD,Male,High,82.16851135198614,21.22862074990321,0,91.14321694668872,99.0
128,John Fisher,Female,Low,50.498256825438204,11.679308267035037,1,60.15381315441244,57.12401921858776
129,Mr. Christopher Moore,Male,Medium,72.48262172941901,19.6438120515174,4,69.18185725707934,79.26271460790139
130,Nicole Moore,Male,Low,42.24668284466934,13.606786077251366,2,55.38475738809727,53.396072875891306
131,Wanda Miller,Male,Medium,75.34281487403014,20.109603771176424,3,64.1961665769399,81.83964722320832
132,William Richardson,Male,High,79.68848143136948,33.06855634529323,5,76.7286123596682,98.42023737757552
133,Richard Fernandez,Male,High,87.36796215317591,27.2676715075699,1,83.91814133741379,99.0
134,Christy Ferrell,Female,Low,45.402878828830985,10.779216823546756,1,50.0,50.802839881141594
135,Jared Clark,Male,Low,57.7496720250877,16.820435841441785,2,50.0,64.49940247200209
136,Kevin Decker,Male,Low,46.08373353831882,17.947352444623203,3,50.01856295261987,63.23363408753155
137,Jason Taylor,Female,High,83.38969241897162,18.86196092431504,1,93.49020151495188,93.43147824345075
138,Daniel Yang,Male,High,89.06758608684835,27.98700034924929,4,59.60892924346099,99.0
139,Teresa Hancock,Male,Low,43.84567841783022,15.505863711554492,1,50.0,54.307102366503514
140,Todd Walker,Female,Medium,76.13729967302065,16.51218248320004,0,71.64760841236517,85.99767524884032
141,Elizabeth Smith,Male,Medium,81.53571377141213,24.878534066558096,2,66.50887701856018,80.78505239224515
142,Javier Bowman,Female,High,76.96258382719387,24.249722064837368,5,71.73341664370409,93.40925350058727
143,Jackie Jones,Female,Medium,75.92316929266153,18.627882267357712,4,64.439531979085,77.04048275269956
144,Matthew Thomas,Female,Low,51.29941397124212,11.134640878580653,3,50.0,54.54264939596441
145,Mary Nelson,Male,Low,53.909114358886555,12.077895237907338,2,65.89863438602082,62.176931281690685
146,Mary Robbins,Male,Medium,68.81524644560959,12.518624565523991,2,50.0,63.01031858276249
147,Carl Adams,Male,High,78.39771693457863,17.79974558702853,0,71.71502975219754,85.67242108304472
148,Christine Matthews,Female,High,87.60970782808448,32.97252531612486,4,70.96745239850952,99.0
149,George Gentry,Female,High,86.48492336616593,20.76519325840836,3,57.568111888458326,85.79942368651786
150,Jeremy Weber,Male,High,86.25246425172938,20.043038252718464,4,70.24145595567929,96.83498686791832
151,Emily Sanchez,Female,Low,51.73224104748488,1.233049431981426,3,65.61470165728018,43.510930232318486
152,Terri Gibson,Male,Low,46.59987639210755,8.805191261552489,1,53.20886488295962,35.13389843898568
153,Jonathan Ayers,Male,Low,51.16126848580502,5.384551032962508,4,50.0,43.051858350767986
154,Kevin Rojas,Male,Medium,76.46536236649341,26.210075800681846,1,55.3983523482742,82.96502250767799
155,Christine Riley,Female,Low,46.42824290986816,17.04908544671317,3,50.0,49.37382062269834
156,Troy Stone,Female,High,94.32887255572378,21.559248274111383,3,70.24803619676064,91.9899246191385
157,Robin Gilmore,Female,High,87.36916460455893,36.0,3,70.82284903243766,99.0
158,Tanner Lee,Female,Medium,69.04348251398676,22.90882743495797,5,72.81643795003768,91.09612145379673
159,Jennifer Rhodes,Male,High,88.28276804316914,23.37584308245689,3,79.57691060725125,99.0
160,Mason Cisneros,Male,Low,45.126591648863396,0.0,0,50.0,35.018119718466664
161,Heather Allen,Male,Medium,78.93542301871226,29.45471286295371,4,64.46504778432005,96.53885995417889
162,Kristina Myers,Male,High,90.79297789503703,18.05213766618202,0,84.98221748496785,96.17897005182864
163,Dillon Campbell,Male,High,80.89658840824144,16.773006265215542,3,85.40149038521267,88.13368815130329
164,Zachary Kelley,Male,Low,54.816880646221605,17.112852160048202,1,68.80540686568374,61.831983569086695
165,Micheal Pearson,Female,Medium,77.06390463468249,30.198762031696365,4,51.84905808172131,81.85964968266643
166,William Richardson,Female,Low,54.11030079997245,18.92136409255259,3,50.0,60.900138698254864
167,Travis Barnett,Male,Medium,84.48396491326974,20.819545600261797,0,57.42422141085384,86.79457455847887
168,Tara Solomon,Male,High,83.77305941998564,27.97377170832643,5,67.65980140893019,99.0
169,Richard Mcdonald,Female,Low,46.23131917821255,16.26707779390154,0,59.663583744463345,58.83226150756908
170,Lisa Kelley,Female,Medium,70.55242785187238,21.794642948933827,3,73.87334516589102,80.30781592575295
171,Corey Alvarez,Male,High,80.92094857517282,26.405957119846878,4,71.24048976357477,99.0
172,Mrs. Erica Hunter DVM,Female,High,84.61449145292949,25.52100551975938,4,68.80152476745155,91.52580103538561
173,Daniel Yang,Male,Low,51.70575987408322,11.687034360502388,3,50.51757992248741,57.242158728199755
174,Erik Winters,Female,Medium,76.38345399665009,14.23017705566662,1,59.64857098369977,70.01308026593628
175,Diana Jones,Female,Medium,79.13591624518011,16.59662461566613,2,86.89538721694774,82.87675601519055
176,Lori Barnes DDS,Male,Low,50.065009459389536,3.5352159290230727,2,50.0,35.934336945505116
177,Summer Bridges,Female,Medium,82.26767038578659,17.50830186602625,4,63.847405788957246,78.56424139580514
178,Karen Alvarado,Male,Medium,73.67671583381022,13.057044464245413,4,82.2360621922964,82.6865206406974
179,Emily Miller,Female,High,98.6008458329481,19.482053413921143,4,72.06799844559998,99.0
180,Hannah Mitchell,Male,High,88.12833673882503,25.899470755767393,1,76.09960964998506,99.0
181,Elizabeth Serrano,Female,Low,45.714212217918586,18.960011431722997,0,51.42554577189573,64.07607506647344
182,Jeremy Roach,Male,Medium,69.64553750969444,22.591583030011563,5,58.196083182375915,74.40859045195258
183,Martin Tran,Female,Low,52.41236207621593,4.147496981884115,0,68.7284847467653,49.90654051113911
184,Gabriela Banks,Female,Medium,73.88268607337075,13.051859317148313,1,50.0,65.81430996433896
185,Kelly Miller,Male,Medium,78.57000247046047,22.70385593994108,3,79.33433701296326,97.62580374019767
186,Dale Carter,Male,Medium,77.36618812286773,13.087563032308452,4,50.0,63.66760765578568
187,Johnny Morgan,Male,High,84.63585543671563,23.876834250014877,0,77.33347670765585,99.0
188,Kathleen Williams,Male,Low,45.76603140965798,14.75026049512276,4,50.0,58.47149450855434
189,Dustin Fischer,Male,Medium,67.42576387657067,13.158277725681824,3,69.88553269770719,81.37399963933906
190,Jodi Herrera,Male,Low,47.767425239664895,12.526877530729799,3,50.0,50.590790169594236
191,Patrick Morse,Female,Medium,79.28199397161737,11.329872525408977,5,64.62172666081943,75.75677341528436
192,Randall Palmer,Female,Medium,76.07046872065102,14.99316178024393,5,80.24309623286852,91.40116967710789
193,Paul Allison,Male,Low,43.77130610644006,13.598909670712684,3,50.0,49.23900566276276
194,Paul Lambert,Male,Low,50.86590462925591,4.035031332341654,0,56.89706167610396,39.58231671568174
195,Jacob Watson Jr.,Female,Low,51.92658689864418,14.202373689801995,0,50.0,48.41343301768126
196,Amy Adams,Female,Medium,70.58071281899433,17.901811005366593,4,66.25887206193036,81.15568009692342
197,Adam Mckenzie,Female,Low,50.768625529727636,14.762449772085738,1,53.19147777415752,49.064082230348276
198,Sandra Morgan,Male,Medium,75.29104359223,19.119570670323306,2,59.5851309095569,78.07384624945743
199,Rachel Castro,Male,Low,44.28514851084688,18.82070214986922,5,50.0,59.98546791937662
200,Richard Marsh,Male,High,86.78893680174141,25.626122513239537,4,90.04348109786743,99.0
201,Debra Leonard,Male,High,87.80392263184117,22.852972294373735,2,74.09096208272702,99.0
202,Mark Green,Female,High,90.41525621587638,25.611487515161418,1,85.19757942148182,99.0
203,William Stewart,Female,Low,55.26901026017451,14.71649014518194,5,50.0,63.6617213448551
204,Elizabeth Smith,Male,High,78.11165316021454,25.24430035162852,2,66.43563623181991,90.70693065189204
205,Cristian Hernandez,Female,High,80.31087480042439,25.202958456019413,4,76.72406277880377,95.00014320874153
206,Maria Compton,Female,High,87.5751763360433,21.490041560966223,4,86.84116028535965,96.00717126683055
207,Fernando Peters,Female,High,87.56892975456104,21.68549541224526,0,83.5561334878566,99.0
208,Angela Evans,Female,High,87.57523843153024,17.986973641001534,2,72.86941969476845,96.97728259221978
209,Andrew Bowman,Female,High,99.0,33.7478837159347,1,77.99291405423354,99.0
210,Diana West,Female,Low,52.85445255346583,5.780683823043574,5,50.0,51.496069943488266
211,Debra Hernandez,Female,Low,55.677828200902994,8.535474011020463,4,53.045153263553665,45.537041735769954
212,Michael Wiggins,Male,Low,54.770008817466014,8.407963672154013,5,53.82333062323409,58.98067967829713
213,James Garcia DDS,Female,Medium,78.256956256529,22.474621884722207,2,61.4790966716692,93.33225087434029
214,Debra Lee,Female,Medium,73.42365377679828,16.52525160853986,3,59.299578522404985,79.16774698391738
215,Cindy Evans,Male,Low,53.79484610246634,18.238710363368668,3,51.658782296520485,71.31102010984038
216,Robert Christian,Female,High,81.13587392731215,21.63254687878066,3,69.63280263959405,84.520130578951
217,Samantha Brewer,Male,High,83.81590696629996,26.39497081111901,4,71.33867385374178,96.97968923467208
218,Stephanie Mcintosh,Male,Low,47.57318226085448,7.823264733701214,2,71.99721789166516,50.339838648873034
219,Mrs. Dana Mclaughlin MD,Female,High,85.40937069693162,35.72574563886694,5,67.52974299254004,99.0
220,Michael Ayers,Female,High,96.57329283336755,19.062007904852436,4,68.41659847978778,89.77800246509555
221,Kristina Williams,Male,High,75.66367403704126,26.549103551135136,0,73.52458194364841,99.0
222,Patricia Lee,Female,Medium,78.43130095187257,21.168884404660492,2,73.44191971499937,94.660438300825
223,Nathan Jones,Male,Low,41.93642064405174,14.068995487257492,1,51.18775826781897,56.98970482309538
224,Curtis Smith,Male,Medium,72.64034067105283,17.073561705611457,2,59.506269616785744,77.8150463184981
225,Brittany Fisher,Female,High,90.44475298483682,24.35089650133287,1,91.21304032273012,99.0
226,Juan Guzman,Female,Low,50.321400095477316,12.219057359895547,2,65.19603004513637,54.115983052979665
227,Tamara Turner,Female,Medium,69.61127611035347,17.264989991857558,4,55.99576434261295,79.60932226363767
228,David Sanders,Female,Medium,71.42348145370016,22.819395583974547,4,50.0,82.84941230177618
229,Jesse Robinson,Female,Low,53.39798874467338,23.052615007956756,3,59.07513689836922,70.0497769800405
230,Autumn Briggs,Male,High,81.34816684141431,22.212541074960832,0,73.15370174239996,94.05087882040925
231,James Pitts,Female,Low,51.08229294790988,5.150985102104611,4,54.90625599162769,35.95693673362091
232,Gina Olson,Female,Medium,75.22785919951907,17.558589758243727,0,50.298961822881644,70.8968778431424
233,Bethany Anderson,Female,Low,46.74199826197091,24.898546688271594,5,53.92597338299309,76.80994278131082
234,Travis Martinez,Female,High,95.71972044662662,20.981627160151348,3,61.888280707192195,89.1300471279776
235,Mrs. Rachel Morris,Male,Low,53.169595111590056,20.195584027220338,1,60.307641190665244,69.0422303406054
236,Henry Mills,Male,High,74.87428706671196,33.388504070382204,0,80.14273067836434,99.0
237,Erica Henderson,Male,Low,50.93227157384714,9.232058791460027,2,50.0,44.176765839279426
238,David Yoder,Male,Medium,71.69106767615806,20.844915395926378,3,59.929636870732196,81.09276898069996
239,David Carter,Female,High,89.26216667398111,33.14198311564269,2,82.86318456956701,99.0
240,Stephanie Perez,Male,Low,46.037396307836495,10.104361295062564,5,50.0,48.10268868674593
241,Rose Mendez,Female,Low,49.42631779266551,10.982098199488192,4,52.844129804724844,66.14429917620333
242,Nicholas Chambers,Male,High,87.52493639490228,22.09159543025678,0,99.76440584515485,98.10621453342453
243,Sara Stanley,Male,High,89.32877597085061,19.926216346535668,0,64.35758388288949,99.0
244,Cassandra Jones,Male,Medium,68.99851796472112,14.753612274669965,1,84.17212574968624,79.19137095341597
245,Joel Mcdowell,Female,Low,48.327493820795254,5.880298666188717,1,54.04355937523213,50.960024514497576
246,Kylie Conley,Female,Low,47.625273444195216,12.17041734129613,3,50.0,54.361145945729675
247,Grant Conley,Male,High,81.73335383713145,21.15013384470679,3,60.696863742610105,86.11678028573377
248,Michael Garcia,Female,Medium,83.82727120140548,19.16892955895374,1,66.10879609222967,87.01124474127228
249,Michael Caldwell,Male,Medium,77.02490855480478,10.220521768981865,4,71.2165011192446,63.1500326234821
250,Linda Marshall,Female,High,78.69558022832477,26.654401161072286,5,68.72450879622465,99.0
251,Alyssa Gonzalez,Female,High,89.58930973527389,29.167644808044624,3,89.11154930247348,99.0
252,Bradley Garcia,Female,Low,60.610780985063165,2.0313217871427227,0,50.0,49.875199381812045
253,Mrs. Hannah Green,Male,Medium,80.16232630275573,19.87028284923786,5,59.87911052153946,86.66359472208532
254,Alexander Rice,Female,Medium,67.40315017022994,24.13834496236646,4,50.0,80.76537322398028
255,Mrs. Sara Salazar,Female,High,82.57882963566874,18.951794906543974,2,79.63631882624968,94.40502848898655
256,Rebecca Lee,Male,Medium,81.33455574593312,26.362861934188516,4,70.868873900973,89.0245771063849
257,George Williamson,Female,Low,46.461652671906094,14.095095046830226,4,50.0,49.937671306713455
258,Julie Cooper,Female,Medium,77.21909714073114,14.474940721207956,3,50.0,77.69124082262864
259,Lisa Melton,Male,Medium,78.87317026714669,17.72115461171147,0,71.98948146796495,91.59317510983182
260,Benjamin Fernandez,Female,Low,45.36534764210958,14.791634562608612,2,55.367385517335094,55.315764005614426
261,Rebekah Hanson,Female,Low,49.702373219691,12.380026957062057,4,51.042947549616976,53.27987963750233
262,Timothy Chaney,Female,High,68.79366329965464,27.693779962231847,0,92.35782191822155,98.93427597503769
263,Frank Jackson,Male,Medium,69.87806179332856,13.396632034603169,0,59.28946320350951,77.6778063462453
264,Elizabeth Stuart,Female,High,83.7371592430342,25.84680412018039,5,76.8021610545045,99.0
265,Stacy Mccarty,Female,High,78.76108409017576,17.9314275154751,0,91.92507512477975,99.0
266,Cory Jennings,Female,Medium,83.16205651965818,17.4438696932565,4,50.0,72.80585085387239
267,John Reilly,Female,High,77.84929311019684,20.480461792676053,1,81.19651825918977,92.68518737795584
268,Jimmy Russell,Male,High,82.79977756651508,21.322350287051165,0,74.95820168992329,97.35142149067228
269,Kenneth Murphy,Male,Low,50.65370288643046,18.18046587605219,5,50.0,62.81048789446366
270,Paul Griffin,Female,Medium,82.20636644533057,23.456550602971344,1,71.47676483538336,90.89509856457467
271,Katherine Conrad,Female,High,77.82068924410281,28.045690604535885,0,75.12771435886448,97.95661327847503
272,Mary Oneal,Male,Low,55.815818760774796,6.538436176637105,2,50.0,53.5794885608923
273,Kellie Ferguson,Female,Medium,75.05116530509794,16.41795775152599,5,60.34152417488025,78.93014948906234
274,Kenneth Boyd,Female,Low,45.09245674476024,18.065488499895917,3,50.0,53.63419839496057
275,James Harvey,Female,Medium,77.31051737131635,18.708584568199523,2,55.141748711148146,85.6942470492379
276,Jeremy Paul,Male,Low,50.99529847786735,23.596647699908473,5,51.79373282956503,72.60321002588964
277,Krystal Johnson,Female,Low,46.99891561420603,13.96658919697186,3,50.0,54.73095576828761
278,Walter Jones,Female,Low,50.349010424950094,12.960245582450158,5,51.66312500909212,54.08882568352804
279,Kelsey Fisher,Male,Low,48.073432015691196,10.454417678987493,5,50.0,52.04496287664101
280,Jay Harrington II,Male,Medium,75.56758672625624,18.66770452391141,0,52.741932712094034,74.14234458154311
281,Diana Melton,Female,Low,53.31065337260523,11.237650818097281,5,50.0,52.459599726579235
282,Travis Hernandez,Male,High,92.93008408072676,28.54054338344295,5,81.94109403047372,97.74109617851846
283,Veronica Campbell,Male,High,78.81092250586576,29.78351158397292,2,66.18834468860318,99.0
284,Kevin Nichols,Female,Medium,85.66516687328134,14.070052697460252,0,65.35595737690612,72.94945108712737
285,Mary Odom,Female,High,75.23956100238749,18.34383523221111,5,74.62060893251896,94.51170850150902
286,Todd Haynes,Male,High,84.24107452482208,15.818973134483517,0,87.83390509282596,92.3787686293246
287,Tina Webb,Female,High,87.94158603242288,27.539956634562717,3,71.48461113955504,99.0
288,Patricia Brown,Female,High,86.40495933867517,19.483166969130632,3,68.02489805308359,88.71058398392937
289,Pamela Hernandez,Male,Low,46.88650240089703,1.2355470352375857,3,63.223698616985075,41.26417261812905
290,Christine Smith,Male,Low,48.95938874821363,13.94289302265482,4,64.3889966379758,65.72458284360415
291,Charles Maynard,Male,Low,47.53499532670584,24.464997587163953,5,54.788580507817954,54.86952610494906
292,Amy Maldonado,Female,High,82.05317621527894,24.969645442300532,3,74.85318142565023,99.0
293,Stanley West Jr.,Female,Low,54.24801048510513,16.19245387225821,4,50.0,60.82026624626044
294,Richard Ramos,Female,High,86.78507742982524,25.409146792737825,4,63.69555593443435,91.27856566425972
295,Deanna Benton,Female,Low,46.53545202369673,11.505551734044287,0,60.22514105265758,50.11182324088292
296,Bryan King,Female,Low,54.49799937716625,16.595382414938843,4,51.18398220888684,68.45081844750018
297,Amanda Gonzalez,Female,Low,51.536497604383044,10.548627279056744,1,67.01598592946429,53.15021315574695
298,Yvonne Griffin,Female,Low,54.0643105941948,13.336961570359515,4,53.50450092536139,50.914675846737964
299,Lori Campos,Female,High,88.14814420961807,26.608489030980067,0,64.96919698240183,99.0
300,Tim Hensley,Female,Medium,70.85502494538964,14.659547731784755,3,74.51947617722918,78.48207449089588
301,Jasmine Howell,Male,High,82.19909479901516,29.960211747682614,2,66.01939372685587,97.94808225219997
302,Andrea Smith,Female,Low,53.73646802561631,11.125201216522957,0,51.16028728047648,56.27603973124011
303,Kathleen Wells,Female,Low,53.05185132716733,8.221274202535776,2,53.502002062516944,46.00810677446356
304,Barry Burch,Male,High,84.89549203017926,27.682549217852017,3,93.95667489783965,99.0
305,Katherine Hughes,Male,Low,50.58663691654391,7.507660091044814,5,76.09918556005361,59.88045736825309
306,Chris Malone,Male,Medium,81.38832447894212,18.140905786845643,2,72.06723059136183,87.60461690730989
307,Kelly Alvarez,Female,High,82.04214305582084,24.95440501677898,2,74.16803381279612,99.0
308,Denise Watts,Female,Medium,77.7354869058502,23.42947782915789,2,71.3450564848055,98.41902572710806
309,Sandra Livingston,Female,Low,48.98903673783053,14.373491164399764,0,63.87655425873836,61.005202006974564
310,Stephen Cox,Male,Medium,73.9115939838639,17.87486520627428,0,66.79332374442808,75.1431023372991
311,Joanna Cohen,Male,Medium,80.49388425993595,22.088831496001436,3,81.95211355912322,94.0371551310746
312,Amanda Gomez,Female,Low,54.12708174494015,18.951037745086566,2,53.30070759191402,74.81252551733972
313,Shelley Nelson,Female,High,89.06754818000319,27.789051531759313,5,74.97743089091394,98.89331291145737
314,Jennifer Peters,Male,High,91.52739403577165,25.051763099216902,3,80.65924252054461,99.0
315,Jorge Montgomery,Male,Low,50.105019208163796,5.440818838249202,3,53.21586610614456,48.11798031151519
316,Rhonda Rodriguez,Female,Medium,78.40976485647482,12.674431684623137,2,74.38940500469613,77.62052122051784
317,Terry Cook,Female,Medium,73.44866621703272,16.47387647822666,1,61.82746813453077,72.28484079915775
318,Daniel Marquez,Female,High,86.62083176244221,21.952438989203586,2,70.4169824605397,99.0
319,Brian Brown,Male,Medium,74.34928472816158,17.06514348507277,4,50.99845767028305,85.11762698452317
320,Susan Robinson,Female,Medium,75.48497982496359,18.283249624485535,0,74.39501230620226,85.43305246634829
321,Charles Stewart,Female,Medium,77.97578512718457,20.648463771783653,1,75.78936503512114,83.68493863887055
322,Albert Davis,Female,Medium,70.90889658383264,17.647506109704544,1,72.57772866151886,73.06908193836679
323,Sarah Wiley,Male,Low,60.4619363784273,14.432508219131009,0,71.74492433347538,69.31714162047666
324,Michael Russo,Female,Low,44.96991309250149,12.322372074050602,1,52.94403981170954,58.67741038595547
325,Elizabeth Booker,Female,Medium,68.92905693606134,8.122667168230643,3,70.68741655592513,69.40088707555576
326,George Logan,Male,High,90.79055436750033,20.303323030906228,4,61.08299123860685,91.99308755107539
327,Glenn Fischer,Male,High,88.95831346981468,24.279562221391924,4,68.12900297525599,95.21114268722644
328,Jennifer Davis,Female,High,88.12059908526078,18.95152628579446,0,86.95537757565778,93.61586628616456
329,John Ramsey,Male,Low,53.1417275463214,14.999643649981023,2,59.491021107431436,65.27732636235963
330,Stacy Campbell,Female,Medium,74.93876613576543,25.65375416171849,3,61.060330523358175,92.14696871230375
331,Stephanie Walsh,Female,High,80.51372814257084,31.093809258486584,1,77.28400748141934,99.0
332,Amy White,Female,Medium,75.37902279096863,16.93278564534896,0,54.821262533191906,84.86652554166719
333,Shane Cole,Female,Medium,71.61419144243945,25.45363068424976,1,64.42970799193391,90.88930190012567
334,Sergio Arellano,Male,High,89.87559866708875,25.743337286010558,2,84.90383163519786,99.0
335,Michael Hoover,Female,High,84.2647130924893,23.314570144409803,0,85.75205016106567,95.6983457161816
336,Brian Wade,Male,High,80.87251401603744,21.9329866822953,5,75.00665721381209,86.84146601223577
337,Jason Garcia,Female,High,83.39307079173503,23.487651567559357,1,78.49773687180961,98.84688471047164
338,Thomas Williams,Female,Low,52.064657271378124,10.059115907293856,5,50.0,52.91072413177985
339,Samantha Cooper,Female,Low,47.18137723598013,12.852081111877439,0,50.0,63.2768523432798
340,Rebekah Huff,Female,High,80.88889802216784,25.802869905249324,5,76.98828420202534,99.0
341,Theodore Mendoza,Female,Medium,76.21843605745956,18.015230100767074,4,66.20972944389389,78.7551629930123
342,Sherry Shaw,Female,Low,51.22483285554361,14.18469084873175,4,51.920188479927994,50.95577266634448
343,Colleen Miller,Female,High,82.46528412314436,30.953231373931708,2,70.7396515733242,99.0
344,Martha Franco,Male,High,82.64480847190839,29.747770677206617,5,50.0,91.43172107265772
345,Todd Vasquez,Female,Medium,76.16024968678818,10.575510157750482,4,72.97152711753695,81.18851297313856
346,Angel Smith,Female,Low,42.75957829251338,0.0,0,50.211625439915956,35.74539570094759
347,Jennifer Gallagher,Male,Low,42.962681128117225,16.67159955619637,4,50.0,63.14390228177179
348,Shannon Acosta,Male,High,81.40777889373783,18.165606507922895,0,86.93478911913994,98.83693255304098
349,Daisy Davidson,Male,Medium,73.93276424144076,16.87617299053658,2,62.07987360080871,76.76349791825054
350,Melissa Nunez,Female,Medium,76.55453782799002,12.149434869703203,1,78.59936384046622,75.68396426784909
351,Joshua Sullivan,Male,Medium,82.37678108474776,8.9900978120999,1,74.17005949576698,73.78530827041868
352,Justin Stafford,Male,Medium,79.2882981160101,20.70731364102394,5,66.83569323200477,86.2563870471104
353,Mitchell Medina,Female,Medium,74.20030735018287,21.795775801513233,1,54.340442887994655,82.022969249376
354,Julie Gonzalez,Male,Low,49.904918960486555,9.117447996366403,2,63.11943985386401,50.86968009564998
355,Mrs. Michelle Parks,Female,Low,44.987353176810956,0.0,3,51.61250531233856,36.15053581283779
356,Micheal Mcclure,Female,Low,49.90743432003805,9.268777758737587,5,50.0,48.97839218709608
357,Christine Garcia,Female,Medium,73.5567068053993,19.959020027012734,2,67.43388467342251,71.9600016845277
358,Ryan Hubbard,Male,High,86.61359280169044,17.605442156129357,4,54.2376476710168,87.33410258327994
359,Dawn Lewis,Male,Low,45.86384528223839,12.916799598895778,2,55.08652811480671,49.473049942428275
360,Wendy Cross,Male,High,87.59673257120586,24.923450754135022,4,61.70628491817928,90.69205739286943
361,Brittany Nguyen,Male,High,92.66369456501289,27.896457498005443,3,60.47329714156466,93.74649423052753
362,Kathryn Little,Female,Medium,74.45619925771571,18.597901842070765,4,50.0,66.13049942423176
363,Jason Acevedo,Female,High,87.0085586104947,20.13465529559222,3,85.12688374989925,91.22583740831686
364,Mr. Travis Sims,Male,Medium,78.45071995855557,23.982857508322457,4,55.707366063072115,81.32682202417836
365,Jonathan Hebert,Male,Low,47.99389764057082,11.20735213486515,1,68.337277099165,67.41386043544884
366,Scott Castillo,Male,High,86.12046240905208,24.86347730245034,5,64.64198536947703,93.54755495792833
367,John Mcfarland,Female,Medium,75.06296200390898,13.33366020463402,1,50.92642042407053,71.69225370568572
368,Danielle Murray,Female,High,85.48838049274416,22.783588744042447,5,58.834755600513404,93.68849230263426
369,Patricia White,Male,Medium,71.13495108072267,13.575986429865495,4,74.35811620006939,75.70792493922772
370,Meghan Clark,Female,High,85.12255087129472,24.135269700382885,5,68.44101822063332,95.65643215153739
371,Donald Ashley,Male,High,87.48999145622724,33.558542400711715,5,64.51712703509399,99.0
372,George Hill,Female,High,92.2557180389752,18.140494285343216,2,77.60018225852788,99.0
373,Curtis Morales,Female,Low,54.79635413042603,3.9321930106162952,0,60.01782736167545,58.67850469160203
374,John Alvarado,Male,High,95.76591228755778,32.35585163746804,1,89.1739881590246,99.0
375,Emily Potter,Male,Low,46.16326218555975,10.95338161424067,5,59.48499229892926,46.83471754655958
376,Kathleen Farrell,Male,Medium,79.36160318360339,14.654636306700418,5,56.40231354210914,72.35184719222956
377,Lisa Rivera,Female,Low,50.91671002869176,17.19952343698038,5,50.0,53.68342316130221
378,Christopher Johnson,Male,High,95.94901466608836,21.97192230131568,1,73.86534838876725,99.0
379,Jennifer Wyatt,Male,High,80.95850857322424,34.13004856773468,5,72.60280506582886,99.0
380,Sandy Holmes,Female,Medium,70.80139078909612,21.389629356696346,2,56.36241073789389,90.72211510407524
381,Catherine Key,Female,Low,47.003036772779886,9.560442959271487,1,50.0,55.726489231955725
382,Dr. Christopher Ford,Male,High,74.38052137845096,35.786541066327516,0,83.43787881549885,99.0
383,Eddie Thompson,Female,Medium,72.3712248915962,14.971425384983307,1,67.5134764842955,81.80317468050576
384,Kathryn Morgan,Female,Medium,71.20433669223151,21.710476860046533,1,68.32796995411587,90.06220001696975
385,Bonnie Henry,Female,Medium,75.75196893238103,19.49646290203246,3,56.41504665299931,76.30131961099994
386,David Hughes,Female,Low,51.7087798788858,18.50870644699399,5,50.0,56.31287346523729
387,Beverly Houston,Female,Medium,84.38085419607943,25.807555983634263,1,58.757668557316954,92.23942474083621
388,Garrett Hahn,Female,High,89.75211919093024,25.160020745328833,0,88.90198411124787,99.0
389,Angel Downs,Female,Low,47.115481721687985,8.232910648269083,5,55.35249334723753,48.52673546403644
390,Thomas Roth,Female,High,80.50792664325822,27.299860714695583,5,51.53812137761906,85.03945751726872
391,Danny Bowen,Female,High,87.45959585753253,21.61142315123947,3,64.7048913980759,89.81489132416893
392,Kelly Spencer,Female,Medium,68.3988339648968,28.066936237633115,5,50.0,83.16999275314657
393,Erin Harding,Male,Low,59.157293829271765,12.682676655413687,0,50.0,58.50380149657598
394,Rhonda Hunt,Male,High,90.89720060360644,23.173392243439455,4,71.16562030209639,99.0
395,William Shaffer,Female,High,82.65412173947648,25.923401529324543,4,57.5035478030147,87.49085515988946
396,Kaitlyn Green,Female,Low,41.434327354545616,5.264368552351518,1,50.0,44.918919413819445
397,Christopher Nichols,Female,Medium,81.76936187082707,13.141929807446743,3,53.960426279185015,80.61175394266387
398,Emily Miller,Male,Medium,74.42730077373692,24.00206953972213,4,64.07267329398944,97.15245447247213
399,Carrie Miller,Male,Medium,81.1890815598673,14.715528605143021,4,62.6934433703625,74.92031284530748
400,Jeffrey Cochran,Female,Medium,67.02786170602816,12.7654450865903,0,62.78262446662747,73.42161338990887
401,Tanya Zimmerman,Female,Low,47.00312488523114,14.68326376263643,1,54.76820872139398,60.20043087166759
402,Heather Vargas,Female,High,85.02621849859092,30.928520773314986,1,72.53319915412735,99.0
403,Andrew Cruz,Female,Medium,75.2349029688237,21.594766553325336,1,65.28344889673947,84.59848971434519
404,Benjamin Castro,Male,High,82.74967264260378,29.980238429029082,4,88.73452090298537,99.0
405,Timothy Frederick,Male,Medium,78.11424966173749,14.216024557152696,3,77.40461051790348,67.36508206255085
406,James Perry,Male,Low,44.66189785308703,4.890946666290781,3,50.0,45.6442425910969
407,Deborah Mcdowell,Female,Low,49.288102574893536,19.506668259777435,0,63.29732417879175,67.7433297136377
408,Stephanie Estrada,Female,High,85.60147815855949,23.38660080578932,4,80.11396554491591,98.22632740995442
409,Tammy Williams,Female,Medium,77.57219417029374,16.745834917724764,0,58.51736711247382,88.91340068172715
410,Kimberly Harris,Female,High,88.55807439044445,31.640970709245288,1,86.1877764375486,99.0
411,Robert Blankenship,Male,Medium,69.37678954081065,20.7811500470033,3,79.37931918412554,82.98651168264072
412,Debbie Ellis,Female,Medium,67.32942914632189,20.27943886040804,2,54.77455193755586,86.65723038330881
413,Jason Hall,Female,High,91.38838410949255,35.825011724505416,0,70.82497178985736,99.0
414,Kenneth Martin,Male,Medium,76.66157005989795,14.782408848099285,4,72.17661466843502,75.30592662752613
415,Paula Barnes,Male,High,81.25756731721724,29.639200640406187,1,80.71495310825648,99.0
416,Kayla Fernandez,Female,Low,57.75575987761262,12.285065624485423,4,52.514762752395235,60.80248393679388
417,John Collins,Male,Medium,75.57837317146429,19.342961394316283,5,63.40589216400497,81.00368312773331
418,James Johnson,Male,Medium,80.89648592031914,25.64234213206266,4,65.90695920928144,84.43836595362598
419,Toni Casey,Female,Medium,75.33759240705055,20.53917878144812,5,50.0,74.62120868492202
420,Cynthia James,Female,High,95.30373962440993,27.691480395248163,2,86.47317706621448,99.0
421,Michelle Gordon,Male,High,93.77670421221602,30.36253668654901,0,91.69589992427774,99.0
422,Patricia Anderson,Female,High,83.75517925760464,23.175236352285573,1,75.70609255931973,99.0
423,Tammy Hill MD,Male,Low,54.85785475477178,7.803951663304968,1,52.56523050186138,53.668481827872945
424,Dale Cruz,Male,Medium,78.22687974792574,12.775954029894832,5,50.0,60.24183796480208
425,Devon Cline,Female,Medium,81.84315778766174,8.16821705311999,3,69.14254756017834,77.10159278466647
426,Casey Nguyen,Male,Low,45.17538269709948,22.28103564970161,1,58.72057441714144,68.18641241360727
427,Tonya Salinas,Male,Low,53.4302572999922,6.483958171391585,1,52.37808983000689,56.28893991263838
428,Robert Petersen,Female,Medium,80.29212243424794,16.89373188207114,1,79.24353359870503,87.88337894824942
429,Teresa Pearson,Female,Medium,66.20630256788442,16.615933500555396,3,60.659227690200595,78.62602432355924
430,William Lee,Male,High,79.08370743667112,26.537033489045506,0,85.646059258936,99.0
431,Max Barrera,Male,High,74.8038391111995,29.078686062696484,4,61.80335661307885,99.0
432,Sarah Carter,Male,High,83.65296582777721,29.302367441798726,5,69.76447849125762,99.0
433,Tammy Scott,Male,High,88.58771127897981,22.08461280715531,5,68.25645742097164,94.42398087425528
434,Heather Smith DDS,Male,High,92.51178526048014,24.164391431067944,4,74.25307922040942,99.0
435,Wendy Martin,Male,Medium,75.37047390209888,19.412899752441497,3,60.30473071166641,84.48027408866874
436,Mary Payne,Male,Low,58.14307772785646,10.756544369082265,4,50.0,57.03380643906337
437,Nicole Tran,Female,Medium,68.09949270892554,26.036727880099964,3,72.26047171441506,82.28048997132302
438,Richard Crawford,Female,Medium,66.48308780322422,20.454874758191256,0,65.63235762761782,74.38725403208684
439,Lisa Chambers,Male,Low,49.722261505516904,15.674388930249087,0,50.0,60.16174872921494
440,Melanie Rodgers,Female,Low,51.92032724469654,15.314406343337064,2,68.4958390420542,64.42177621134056
441,Jackson Mendoza,Male,Low,49.836526259529535,17.867369287426627,2,64.81454078690487,61.74920305975364
442,Gregory Brown,Male,Low,39.66278949980062,12.905107793518535,0,50.0,52.05615865020279
443,Lindsay Smith,Female,Medium,74.55439980243605,11.515840260220767,1,74.89707805245195,83.5530262891929
444,Tommy Smith,Male,High,78.47765249747573,26.998439758763208,0,74.97025229448657,99.0
445,Michael Alvarez,Female,Low,53.348362744150194,8.743215531040855,1,55.634872153310596,47.316622832138584
446,Sarah Cole,Female,Medium,76.83299123048424,15.356916591251217,2,68.94224129013493,78.28662465302092
447,Sean Peters,Male,Medium,70.30060106836322,20.931820093775467,0,67.65592199683678,79.51036873466407
448,Elizabeth Duffy,Female,Medium,72.43066541331653,24.19141535716818,5,52.16234334413603,79.21216801512642
449,Lauren Cain,Female,Medium,69.70393239055524,18.106357883680307,4,55.094589476837406,72.06950093154147
450,Matthew Lane,Female,Medium,74.68660451363414,19.544165062994818,3,54.83808084518758,75.89083622158367
451,Timothy Anderson,Female,Low,54.77571160250619,20.51107472317619,4,50.0,58.24789744894693
452,Christopher Williams PhD,Male,Medium,70.07136976832228,19.203765897442842,3,63.328217099506446,77.93325870652131
453,Jennifer Griffin,Male,High,87.52023257758923,36.0,0,72.84240010889248,99.0
454,Alexander Simmons,Male,Medium,72.3487119081378,20.82754822815772,4,68.8205206571262,67.9314553841709
455,Curtis Weber,Female,Low,46.03563583868828,3.1961862042209113,0,69.87246155335927,58.4762763690565
456,Pamela Wheeler MD,Female,Low,49.46484820022721,15.766708105522662,4,50.0,62.149837277801446
457,Joe Williams,Female,High,79.82378838790314,26.90579192441389,1,80.39404500535377,99.0
458,Anna Wilson,Male,Medium,72.23175347326409,24.448763770413727,5,64.99685110302934,85.32436849341391
459,Kevin Foster,Male,High,79.01061053705575,28.36590675634979,3,78.72002270919275,96.90106739861206
460,Cynthia Brooks,Male,High,94.82362566458195,24.307720080081133,3,74.75955267916088,99.0
461,Evan Schmidt,Male,Medium,75.17631775985865,11.878508818553172,2,73.42682418359722,84.83922841515201
462,Kristin May,Female,Medium,71.50137246003708,16.954883713569874,0,74.82248952680658,82.17662493957327
463,Jasmine Brown,Male,Low,51.06989955367111,7.7473977289535,5,50.0,52.342490317139365
464,Evan Phillips,Male,Low,49.43835975154585,9.097382750976386,0,63.69156064389273,55.67610528962744
465,Keith Allison,Female,High,83.89515200233389,27.94289202210305,3,82.87290837266742,98.76777654487778
466,Jacob White,Female,High,88.07083350021712,33.34952252175703,3,66.36713895821418,99.0
467,Melissa Wells,Male,Medium,78.78753855023652,19.973357649114906,5,60.37937835447602,81.75649793923509
468,Rita Peterson,Female,Low,47.34749426194736,6.020584689824078,0,61.833289928110695,47.44094771728382
469,Jonathan Hawkins,Male,High,82.1209087967766,27.223013341100703,3,71.90686180420639,99.0
470,Maria Nelson,Male,High,83.62474151424178,30.983157433228257,4,82.72978047766011,99.0
471,Cynthia Walker,Male,Medium,63.49039417632208,14.951085478403089,3,87.6387249461936,77.72468523914331
472,Ashley Brooks,Male,Medium,67.42404468900725,17.32991416663541,1,60.140139673650175,75.56884923014785
473,Jessica Bradley,Female,Medium,81.83437133722262,18.073440973645987,1,54.18955396846225,74.8757185618199
474,Joseph Reid,Female,Low,58.22483856750642,8.0755084345888,1,56.03818595604876,50.706920589684074
475,Belinda Richard,Female,Medium,73.75481980221811,21.241402169219295,4,69.21562505126144,77.33337671082899
476,Heather Fox,Male,High,87.88278481527882,24.395259256961094,2,73.69133626155231,99.0
477,Karen Poole,Male,Medium,76.55625077271768,20.097662219535138,3,78.53260663321035,76.27124225329071
478,Pamela Brown,Male,Low,65.3944040422762,7.5625391109894995,2,50.0,60.000760266682505
479,Dr. Kyle Ford,Female,Medium,80.59787455717289,15.812708498382948,5,66.9291862303161,85.72490287633775
480,Patricia Lawrence,Female,Low,49.36041204259617,15.611906789138857,0,50.0,56.96755002909199
481,Tiffany Santos,Male,Low,45.22229779699787,10.135834239541165,4,64.19377906207296,39.49436848573394
482,Dr. Mark Holden,Male,Medium,66.96776839871214,26.634819256167027,2,85.92515353168119,91.7198837165532
483,Angela Dunn,Female,Medium,76.01731817933612,16.001819071926988,5,52.33343412216652,72.48821958825269
484,Ian Johnson,Female,Low,46.21824627357849,13.12342362875943,1,50.0,48.68241576429814
485,Danielle Johnson,Female,High,77.88873145201163,29.662954159365448,5,78.59587886979801,99.0
486,Steven Macdonald,Female,Medium,71.76713557878736,10.908171335334842,2,62.12869350210485,77.08624387886496
487,Jackson Williams,Female,Medium,69.59225998192802,9.19595594009612,2,65.54588782067762,70.86045327859854
488,Eric Meadows,Male,Low,58.43570817536282,4.371718427149526,5,50.0,41.49752481083406
489,Emily Clark,Female,Medium,79.40819878474726,24.31292051713591,2,50.0,76.95078828648484
490,Stephanie Johnson,Male,Medium,74.96013679341691,15.240709270537767,0,69.86162253905762,77.59630601568051
491,Collin Miller,Male,Medium,82.39972069445012,30.79099642834126,2,59.10272225935826,95.57261677284487
492,Kenneth Warner,Female,Medium,75.38684153823809,15.178762006713058,1,63.06877177600228,79.27087849296817
493,Joshua Andrews,Male,Medium,70.69357899335868,18.922756515985185,0,84.43632003468814,83.63905186409386
494,Shari Marquez,Male,High,92.61562038634828,32.71054976283938,0,67.43493105720744,99.0
495,Frank Hoover,Female,Low,52.694550218423295,22.030464440795615,5,53.132051867479774,75.62976317686912
496,Crystal Thompson,Male,Medium,69.81376922836772,28.307517883181987,5,57.21037069668192,90.63514547239136
497,Yolanda Nguyen,Male,Medium,74.04830660958196,24.041831152965713,5,57.20239831504166,82.88979698525029
498,Alyssa Phillips,Female,Low,45.62190873307621,17.120312629057313,2,58.90371896051711,59.54850198098792
499,Adam Burke,Male,Low,43.08600134517832,14.962634746005914,4,50.4005129456889,51.526350446085736
500,Cindy Sandoval,Male,Low,54.630887737658206,15.891805380833189,4,52.70612997219531,65.63756510598243
501,Christine Garrett,Female,Medium,84.54708320235065,15.244071418357333,3,73.68184660532862,79.57970573481114
502,Jason Kelly,Female,Low,43.00716213090429,7.909005582888464,2,50.0,45.91978509682779
503,Wesley Turner,Female,Medium,77.81484618345286,17.98312771294524,4,55.87763265492249,77.7249710347976
504,Morgan Harris,Female,Medium,71.74678715439086,17.149076887375358,0,59.148494734422016,74.51323458287571
505,Dawn Fuentes,Female,Medium,72.56437308117651,15.733859753363625,1,59.74589470021045,68.46782160714959
506,Alex Austin,Female,Low,47.03803037880566,15.481937237283576,3,78.49094425308725,66.05569263027708
507,Scott Kim,Female,High,80.68004615160092,29.776526042852552,3,86.44679580736786,99.0
508,Justin Horn,Female,Low,50.24260813972413,12.442034431459236,1,50.0,57.02868692082358
509,Edward Murphy,Male,Medium,70.84524941794481,25.38765040527631,2,52.7754204325643,80.96790485108296
510,Erica Garrett,Female,High,86.3522841288992,19.291554429332475,0,84.81866061718492,99.0
511,Dalton Mitchell,Male,Medium,74.74880945275432,17.03170270360141,3,69.47264797377967,75.29549251149811
512,Timothy Wiggins,Female,Medium,73.80525976566796,14.415888396985975,5,65.48883835317365,82.52802290869192
513,Catherine Parker,Female,Medium,70.462181689792,8.6673169146347,0,67.45044206446302,60.08260304367604
514,Krystal Griffin,Male,High,82.11614334715834,24.586596570786504,5,68.745457399971,97.6478607665829
515,Christian Boyd,Male,Medium,78.77695612912878,17.39126245808358,4,65.27879524159357,82.341089386463
516,Ronnie Morgan,Female,Low,52.504585938121906,19.567248716210656,0,55.858930062933304,62.26242651387713
517,Nicole Francis,Female,High,80.11222377600724,28.154058422773886,1,55.80699627252465,99.0
518,Julie Gibson,Female,Low,50.49666152714613,6.879065878353975,0,52.70200369424806,55.661738121958436
519,Casey Benton,Male,Medium,78.75693561685894,27.27046283167094,4,53.485935657396865,77.18901614519744
520,Craig King,Male,Medium,66.65297359439315,24.105168477626766,1,69.75211418908512,88.52674990508898
521,Mary Wagner,Male,High,87.71680096189968,27.91048851734308,3,100.0,99.0
522,Nancy Smith,Female,Medium,71.68688120527077,16.86757950575084,4,65.67481665474304,71.78996886781619
523,Mark Daniels,Female,High,87.8529933429658,20.202803816382602,3,70.86470313827603,99.0
524,Jeffrey Miller,Male,Medium,71.18370421728741,16.138966119644735,0,79.21801501977252,78.69673536946013
525,Anthony Ball,Female,High,75.9755894966774,30.44374309852093,1,82.82687887209212,99.0
526,Sabrina Phillips,Female,Low,41.862287810584185,21.422931529673043,2,55.200944904518416,62.02302778627344
527,Tiffany Walker,Male,High,85.24042473330691,32.71621764136094,2,82.06850593215671,99.0
528,Roger Rojas,Male,Medium,76.2986125086074,15.555752891068629,0,90.56543564829542,77.19756793118381
529,Katelyn Gonzalez,Male,Low,45.47841687447796,6.401912833554944,5,50.0,38.11711259186039
530,Holly Zimmerman,Female,High,88.19296229388686,25.70443123455602,1,82.73632076811454,99.0
531,Brooke Flores,Male,Medium,66.6923996886552,9.157803172185742,1,58.73618870018461,74.07569200982903
532,Austin Barnes,Female,Medium,74.66960100676341,19.615838570923906,5,65.55512646342248,80.05622850538937
533,Nathaniel Snow,Female,High,78.94491900118771,24.261987068506656,4,62.81313488513905,86.34102903559157
534,Matthew Murillo,Female,Medium,71.7408194609892,15.669817490658788,3,59.82633186394915,84.42722584141677
535,Lisa Coleman,Male,Medium,75.23699335658208,10.026484663666022,5,57.04910085762094,74.71352115506433
536,Cody Wilson,Male,Medium,70.69793317358024,20.568000532848583,3,73.7581671934471,86.98295900569569
537,Mark Mccall,Female,Medium,73.07722227885087,15.336495801690443,1,77.18454443942414,76.22803546070902
538,Nicole Simmons,Female,High,90.0314640460722,19.15041582144856,1,65.54282623553615,92.9107857706378
539,Richard Singleton,Male,Low,47.115540652384254,0.0,5,50.0,35.54441585572955
540,Brandon Duncan,Male,High,89.1784605603257,24.862425474746818,4,64.90420145250827,99.0
541,Collin Allison,Female,Low,44.35146572671191,20.86125798334872,2,50.0,69.0291030613599
542,Rhonda Jackson,Female,High,87.64902088957642,33.30629607273935,3,71.8298294957563,99.0
543,Bryan Mcdonald,Male,High,92.2078431032895,22.714518717068643,3,70.9151721154418,93.52823095150693
544,Catherine Shaw,Female,High,72.64177749936356,21.988939698191096,5,94.26716486345522,99.0
545,Candace Burns,Male,Low,46.015523722647615,14.343871280375119,3,53.32959825360696,56.683395201657056
546,Deborah Sexton,Female,Medium,77.8853606359027,13.008072804058543,1,54.22382499245763,75.9663080962632
547,Daniel Johnson,Male,Low,48.984773069785035,13.50895949909733,2,50.0,62.13736492322383
548,Michael Davis,Male,Low,51.85572936685654,15.830401391923452,0,65.21383295429399,58.7450220557712
549,Kelsey Williams,Female,Low,46.9800740664209,18.13466611942154,1,73.88442772869925,67.03982939495167
550,Matthew Gibson,Female,High,85.4329489373645,24.499229617600236,5,54.140166877620416,89.65703242255613
551,Monica Hardin,Male,Medium,74.2216138230396,16.98163124911517,4,50.0,65.22730590132677
552,Christopher Chavez,Male,High,90.83891030829903,20.610087066217194,0,98.70965175371782,99.0
553,Jeffery Miller,Female,Low,51.272104216506065,7.8655982298007,2,54.89614177370904,62.974184852398096
554,Tyrone Sanchez,Female,Low,51.68801331037601,10.867605540492367,5,50.0,42.01594325021248
555,Jesse Moore,Female,Low,47.94061516938766,13.836827534080891,5,50.346290861224354,53.222923311772085
556,Jorge Small,Female,Low,47.56196887963753,16.567923131166246,1,50.0,61.60900998462837
557,Daniel Dean,Female,High,82.8372090609019,20.984105246598276,2,76.0337550659716,95.74132744835109
558,Connor Hudson,Male,High,86.97226071189148,32.46344284479761,4,75.27821172843085,99.0
559,Kathleen Farmer,Male,Medium,72.89507759589868,16.644381994787157,3,73.2427013953783,73.10801803348842
560,Denise Reese,Male,Low,51.448874284482066,11.89316352825782,2,50.0,55.01527966240303
561,Raymond Newton Jr.,Male,Low,60.37700399322719,8.263941604260882,0,55.856871614033594,52.040773121534386
562,Dalton Charles,Male,High,89.35562351715846,12.878798698635292,5,60.74575373940412,70.9709254421542
563,Heather Salas,Female,High,83.3698823391608,29.42022698180525,4,74.55383755674318,99.0
564,Peter Dominguez,Male,High,91.00606961081972,28.684219485462165,4,63.04653677636976,99.0
565,Brett Scott,Female,Medium,72.95962313489224,16.593362214408934,0,65.91899160839779,79.12988627802235
566,Deanna Lee,Female,High,74.80937732411073,25.33495358612436,1,68.04184605209771,96.38362248965134
567,Matthew Hill,Male,Medium,69.95956844541298,20.579696088520496,4,68.51136241823657,86.60446147343858
568,Lisa York,Female,Low,40.646040394870724,4.187270715567287,2,59.58451116656666,44.28019265048944
569,Angela Lee DDS,Male,Low,48.24243257979346,9.354736613268527,3,50.0,53.54274474164619
570,Jennifer Gibson,Female,Medium,75.09209189594776,21.971323398109135,5,60.38237994960028,80.5297278166209
571,Peter Bryant,Male,Medium,83.38218656137641,11.728552884153753,5,50.0,76.48705677840479
572,Cathy Richardson,Male,Medium,76.63463686882082,19.467789660833148,1,65.00323351993212,84.62010102617116
573,Christine Sexton,Female,Low,48.90449735595568,5.217090976882975,2,50.49795382958255,45.94195398154598
574,Lori Brooks,Female,Low,54.14702790591745,14.332149912167631,5,71.20793091029975,56.36946488649791
575,Lauren Donovan,Female,Low,38.944323454960575,11.821792588512583,2,50.0,50.19865975970788
576,Thomas Frye,Female,High,86.17807279054283,16.924340920472453,2,90.64177238752437,91.81319534956913
577,Sabrina French,Male,High,88.85432596943484,30.823696772285857,5,79.96858773465809,99.0
578,Jacqueline Flores,Female,Low,42.60706877110079,8.327042116009753,1,55.806364044901365,44.20030911954182
579,Vincent Taylor,Female,Low,55.71877021603464,7.948737814928095,5,62.58620484195134,47.77068025741685
580,Kelsey Long,Male,Low,51.69248203747207,13.002845986154714,1,56.72105472606863,68.42058143127989
581,Robert Brown,Male,Medium,72.923560430496,23.743186747143575,5,63.89159195667929,90.9854211657165
582,Joseph Kane,Male,High,88.16390933053142,19.920890905108017,5,69.46879346982455,99.0
583,Melissa Price,Male,High,96.35346428902199,25.30839924923986,4,84.23568882418627,99.0
584,Christopher Stout,Male,Low,50.90933127529247,14.144082501652864,3,59.96469233810883,59.18230796308754
585,Howard Liu,Female,Medium,76.24110293150169,21.46552803631572,3,57.743227125037876,75.61050482767044
586,Elizabeth Brown,Female,Medium,72.70319550229878,18.882207776386124,2,52.80752805401232,73.10371156280124
587,Laurie Jackson,Female,High,80.75077815267605,23.164860804583387,0,77.97019362604343,93.89856739730062
588,Crystal Cortez,Male,Medium,79.15167908272123,13.862048896756402,4,53.999614356023535,78.69293464821104
589,Carl Lee,Female,High,80.71958087045566,25.430719415231874,3,73.36475425384644,96.33297353210565
590,Tammy Shaw,Male,Low,50.35783118609696,6.639304940071965,5,57.37438134684139,53.16450947504765
591,Nathan Moore,Female,High,82.61171276617442,10.393247582526964,5,65.4269834491321,80.66528168818434
592,Matthew Dodson,Female,High,87.39489912873196,27.182799020788337,2,75.57176618688425,99.0
593,Jacob Mcguire,Male,High,86.66831052643474,29.519674205430977,5,70.58022734808395,96.36778034581764
594,Lauren Carter,Female,High,90.18769972128949,13.185337822290808,2,84.48430882205284,97.5389441208146
595,Jill Henderson,Female,Medium,72.44991800572626,12.951346476450311,0,50.0,75.25378732603451
596,Julia Fernandez,Female,Medium,73.65062532353315,21.095771305025988,4,55.932997052347034,74.68818062101339
597,Crystal Perez,Female,High,80.10618142108846,35.2874773485585,2,78.11283692279473,99.0
598,Grant Young,Male,Low,47.778533699619445,12.103968538377039,4,59.000789564268615,56.01713741031196
599,Daniel Robles,Male,High,86.88650246522425,21.35998529385433,4,67.08097552493795,92.37349469642925
600,Louis Cline,Female,High,88.78494308322676,24.0855177944758,4,53.23447293958126,89.26726303367604
601,Matthew Bryant,Male,Low,45.389173379111874,18.874382095740923,4,53.197114459661364,56.16851494718633
602,Jennifer Boyle,Female,High,89.3480296005283,21.770179104377323,5,63.646376111743706,99.0
603,Alexandra Gamble,Female,Low,56.778189294024756,8.004039966748731,0,50.0,52.3195377724958
604,Cynthia Chavez,Female,High,87.0671745161185,22.58628238908984,1,71.75654610286776,99.0
605,Gabrielle Simmons,Female,Medium,84.38397906279033,13.233356958706437,5,58.15474642344151,70.62554699425856
606,Sandra Potter,Female,Medium,71.13105400448214,18.613351579973976,0,63.952553354617876,76.0749447730388
607,Kaitlyn Jacobson,Male,High,78.77672648344291,33.1233922923478,2,53.944339429009304,99.0
608,Eric Ortega,Female,Low,41.10639875547861,13.615396365580146,2,59.970661968871326,48.024352673791356
609,Derek Gomez,Male,Medium,82.48022155744592,16.738232489368563,3,76.74875041278722,82.52652389453044
610,Michelle Gibson,Female,Low,53.27182828177029,10.540943655422279,0,61.51521991339506,57.582566728594536
611,Stephanie Reid,Female,Low,49.72207664544772,4.184045956516715,3,50.0,43.96654881519941
612,Johnny Cortez,Male,Medium,76.3998431315991,22.415548885735795,3,61.98508466052482,83.65865488859926
613,Christina Wise,Male,High,79.37255476350812,24.61081401493599,3,73.93478684770542,98.94153368311768
614,Nichole Munoz,Female,High,97.22875989808414,24.09760043204687,0,85.9879438956191,99.0
615,Jennifer Parsons,Male,High,85.64610590987614,36.0,4,78.68340488718081,99.0
616,James Fisher,Male,Low,50.546973973024464,13.493764541828432,0,50.0,51.48228799606478
617,Dr. Crystal Fowler,Male,High,88.62883311949346,21.24104474952408,1,78.8199555641356,97.66599812682297
618,Wanda Foster,Female,Low,52.40504615868357,9.868212018972283,0,59.57280404615241,61.64952840947057
619,Nathan Hodges,Male,High,86.11942012139566,30.742228545983775,0,94.55822322146767,99.0
620,Steven Snyder,Female,Low,46.04762772277344,12.566352052688822,5,52.04506539824723,44.747895914404815
621,Kelly Washington,Female,Low,52.35734178567998,4.808610108413166,4,54.89056687375519,47.93783840825535
622,Sarah Pierce,Male,High,94.41012248237517,29.59614467287602,2,76.8382662792936,99.0
623,Colleen Garcia,Female,High,91.7271002307749,21.65927957230503,2,90.10459145203504,99.0
624,Olivia Wilson,Male,Low,57.965933133196984,21.366488881087726,5,50.0,75.81499499431395
625,Tonya Smith,Female,Low,47.443921617844076,17.400240328573243,1,50.0,54.618393455080586
626,Nicole Reynolds,Female,High,80.0519758987071,22.763390521706246,4,86.0336997012519,93.975353668448
627,Douglas Murphy,Male,High,84.37106539950176,31.405081808675565,4,78.97903272539028,99.0
628,Thomas Mcdonald,Male,Medium,75.27862456144348,18.339277552637018,2,61.56955978871518,71.87544324830813
629,Matthew Spencer,Male,Medium,80.47095759235474,22.263868375611096,4,57.20507032600757,80.90277103605229
630,Jessica Ford,Male,Medium,66.5376768514259,20.423664086472375,5,62.96575545140762,80.49539996766825
631,Jennifer Sanders,Male,Low,57.64775159730307,7.768216725045632,0,59.63184795267585,52.099085856331726
632,Michael Todd,Male,Medium,74.20996050710505,14.78225083841269,1,69.97292265631206,76.73471206977601
633,Heather Wood,Male,High,82.8655946502629,30.149804087905807,4,75.11308673442885,99.0
634,Rose Wilkinson,Male,Medium,69.93947812369916,16.326123339467294,1,84.9995737457638,84.67474179825236
635,Ricardo Collier,Male,High,76.72571664067115,22.981757683790015,2,86.71543152234887,99.0
636,Michael Johnson,Male,High,89.11585291980957,20.224387103253235,2,77.90635591265024,95.5919010692726
637,Thomas Smith,Male,High,85.36658983594202,27.117995327967307,3,83.41310580767484,99.0
638,Bradley Robles,Male,Low,43.55019550129473,22.312624596215727,5,50.0,61.07656431547798
639,Laura Mccarthy,Male,Low,43.52460613968192,6.662335428728635,5,50.0,45.19367301997606
640,Brittany Austin,Male,Low,48.32107650354936,12.12109728336379,2,69.0930634973311,56.11700626506573
641,John Adams,Female,Medium,83.34510762644696,25.061102777077146,4,59.81954104607627,88.44438382499652
642,Raymond Spencer,Male,Medium,73.70204324318198,17.601793043771423,5,51.52366071380915,68.61027820118117
643,Jason Jones,Female,Medium,67.48428523440947,20.26185898124867,0,63.4791111140694,80.17664015545184
644,Allison Benson,Male,High,83.77128467957027,19.688032359265602,1,67.10366962657612,87.71024927277543
645,Olivia Byrd,Female,Low,48.63638215126165,14.141535486038244,3,50.0,49.35416319294059
646,Michael Jones,Male,Medium,61.515566785292144,17.064278674977256,2,62.294919014099705,74.06514256759642
647,Alexander Ray,Female,High,84.72852566741093,29.928649978399314,5,55.94432980821358,99.0
648,Christopher Williams,Male,Low,48.84532734895661,17.936930257823754,4,50.0,62.97681592371401
649,Kenneth Mccoy,Male,High,88.48103182406709,36.0,2,85.02277173786648,99.0
650,Nicholas Vargas,Female,Medium,84.24478047472672,20.898165866067878,5,50.9224381985308,83.59270692291517
651,Michael Carter,Female,High,90.63282514773879,26.628981582910832,3,89.19283923641768,99.0
652,Stephen Snyder,Female,High,83.65555654722584,25.97192150788668,2,81.10792088527595,99.0
653,Roger Garcia,Female,Low,44.46737045629165,10.234168535946559,5,55.30580585624057,45.03142376851399
654,Nicole Gutierrez,Female,High,97.8667990162493,26.692419217308455,5,63.421654461478624,99.0
655,Christopher Reynolds,Male,Medium,75.29609217007244,16.522992949304854,4,70.54525227066615,80.93030556866795
656,Judy Beltran,Male,Low,50.06964645956473,12.842304881348072,5,50.0,52.97451677598329
657,Melissa Palmer,Male,Medium,74.87937456444999,24.5879876780398,2,74.90247500836509,80.49568925008187
658,Teresa Mack,Female,Medium,75.99042380383928,12.967287173601793,1,69.71839339793532,77.17488026910587
659,Hayley Leblanc,Male,Medium,74.27819794038028,23.699392805645225,2,71.53251219984784,99.0
660,David Carter,Female,Medium,72.13168996559882,24.58557533669933,1,56.24405394375148,82.92838622961925
661,Austin Kennedy,Female,Medium,72.26570529379804,17.409657365044605,0,61.049301577233955,74.47227593946631
662,David Rodriguez,Female,High,84.83623364892001,14.390725504957027,4,77.97228218253385,89.46179151883358
663,Charlotte King,Female,High,82.28287614433117,21.960890064527838,5,60.51651995775799,91.48306557482613
664,Teresa Russell,Female,Medium,71.43577108661418,24.484972732805545,3,68.63206292099123,93.00957041739176
665,Joshua Guzman,Male,Low,50.53215113845948,11.885659688505589,0,50.0,48.18631130204606
666,Laura Cooper,Female,Low,48.72511391289572,7.003488838525446,2,59.48174212666668,53.39565607226379
667,Patrick Graham,Female,Medium,82.51996494291345,15.476125393858913,5,50.0,77.03144675605338
668,David Rodriguez,Male,Medium,61.74515095803494,22.203100132522763,3,69.52299937679523,79.98794767057713
669,Suzanne White,Male,High,90.45753425961232,27.7336678410069,4,78.25630933646,99.0
670,Shelley Swanson,Male,Low,56.23042596248815,10.805339504151528,4,50.0,58.60586519796888
671,David Allen,Male,Medium,64.63304883795925,16.165877940926563,1,73.82026567084726,81.25992966569201
672,Andrea Fields,Male,High,83.28656202959826,23.04120925478089,5,72.60442263333556,89.53030614720839
673,Amanda Campbell,Male,Medium,73.14279567002104,13.387949077507487,0,64.61158143807262,78.80692252621661
674,Mrs. Sarah Roman,Female,High,77.9624415264109,33.07687844734721,4,61.91445315923792,99.0
675,Eric Turner,Male,Medium,71.11091656204562,16.3883976539433,0,50.373743083274206,73.58693722461004
676,Adrian Mason,Male,Medium,69.44712077267086,24.085792604127484,5,63.49650047299694,83.59673453092887
677,John Fuller,Male,High,93.76135221711812,32.60658025961226,0,64.35197228637945,99.0
678,Dr. Tyler Jenkins,Male,Low,54.678391965737305,16.9915544907398,2,51.95344199441308,67.80579225904194
679,Jessica Reyes,Female,High,91.3577754749708,22.841898436409757,4,69.36551783917751,97.34445386618721
680,Gary Wright,Female,High,88.60836032021618,27.018650451683047,5,76.79142775438196,97.80542235450486
681,Riley Miller,Female,Medium,69.35474114391386,17.879021968045418,4,58.97954500510136,72.9229370409018
682,Erin Barrett,Male,High,82.37739866860113,20.48149069634936,3,70.70552213652908,93.13387852807078
683,Toni Hansen,Male,High,87.4468728061396,26.621796408608017,3,81.31870704288295,99.0
684,Stacy Adams,Female,Low,43.88936095554027,6.104801044200988,1,56.35058029084117,49.30215314725381
685,Kristin Hudson,Male,Medium,78.56499215086194,23.93839694230782,5,63.16155957182778,82.34786466892727
686,Jillian Phillips,Female,Low,48.79837300920933,9.676913513508035,5,50.0,61.05759500328783
687,Mitchell Potter,Female,Low,48.12589596225201,13.005798279364196,2,50.0,55.18119287502774
688,Jonathan Sanchez,Male,High,88.55479984101746,26.41643935773071,1,85.56788679986983,99.0
689,Bethany Aguilar,Male,Low,52.2213165574302,10.705475131479613,2,57.12468794013602,54.113930994902276
690,William Brown,Male,Low,48.1951691709046,14.933469007376374,1,50.0,59.365026700740735
691,Lisa Gordon,Female,Medium,80.79664901682123,15.625481716887379,5,57.55919526325799,80.03433876856276
692,James Peck,Female,Low,44.59468336200051,16.35648648728622,2,50.606927123723686,62.738708825432056
693,John Weber,Female,Medium,78.07967803472133,11.270101598766257,3,62.65503215598267,77.33934430609396
694,Lorraine Briggs,Male,High,87.96550628984193,25.63189789773206,5,73.33859966568535,99.0
695,Holly Arnold,Male,Medium,73.45226780343005,27.694644995291423,5,74.31366781831184,90.83314780524474
696,Sean Hardy,Female,High,86.63066511121059,19.998343376972127,1,88.81766727672829,96.93684807008896
697,Amanda Sampson,Male,Low,43.74443211807348,8.611275147375743,5,50.0,46.99434057570127
698,Angelica Williams,Male,Low,54.6201350960345,14.569539248294575,1,59.220699903060485,66.26335146899078
699,Derrick Ingram,Male,Medium,74.07548931778506,18.89790890969799,4,75.28933319535409,81.7808828734748
700,Brendan Johnson,Male,Medium,72.38638489740481,19.753150496367795,4,65.86808520689203,85.74461994524282
701,Jessica Coleman,Male,Medium,80.24504612918444,20.445935650738317,5,70.90980425185967,92.66916623554856
702,Kathryn Williams,Male,High,81.4782815472862,28.17360734280885,4,92.12270445700764,99.0
703,Michelle Nixon,Male,Low,42.957693518182204,17.548499209781117,2,61.23709546106981,56.427801578349765
704,Sara Nicholson,Male,Medium,67.21685413238048,20.049093284642563,3,66.49308595641729,78.69170408692176
705,Christine Moss,Female,Medium,78.0300497567282,16.793711726907286,0,80.45088474084753,87.03780273818028
706,Matthew Bennett,Female,Medium,68.59785323751859,21.362868506013655,1,69.44887833096891,80.78641193267924
707,John Mills,Female,High,93.77397090992183,34.49940967447608,1,78.23903043284956,99.0
708,Christopher Robinson,Male,Low,39.59035296058139,11.336831268087133,5,50.0,49.060673013529374
709,Michael Hill,Female,High,93.48228184145019,20.127353476646793,4,87.63413358832108,99.0
710,Paul Wilkins,Female,Medium,76.05508733601309,23.53540334643486,0,61.81571334057999,80.02968533295842
711,Cassandra Vega,Male,Medium,74.51643444064804,17.398094180232007,3,79.32367724678116,76.40231088443444
712,Felicia Walters,Male,Low,47.27540456595525,1.1366522699298187,5,50.0,39.179190801706916
713,Jordan Gonzalez,Female,High,86.99568057176036,29.23710838575211,1,64.00693825198059,92.92190563642667
714,Michael Baker,Male,High,84.81182648787576,22.323359070230385,4,75.67649292991422,99.0
715,Michelle Evans,Male,High,90.5165094100826,24.547333588479198,1,56.99973492348376,96.47255532539161
716,Dustin Hartman,Female,High,85.5711382433102,26.659901652845072,0,86.25508016831036,99.0
717,Glenda Hamilton,Female,High,85.75150880730939,25.952498398895333,2,84.8523148298899,99.0
718,Diana Willis,Female,Medium,73.18193893893073,21.5472590856952,0,64.07644044347947,83.44517326521279
719,Randall Phelps,Female,Medium,74.71527188139466,15.822568147150783,0,71.23547695955583,79.71214860434897
720,Derek Johnston,Male,High,86.5390088444603,27.565528990880413,4,91.54157433750287,99.0
721,Glen Jensen,Female,Low,41.449158036716874,10.702266612080415,5,50.0,55.438246198773435
722,Jessica Steele,Male,Medium,68.25907288947144,21.694052404437514,4,51.410924129433994,68.56962399276371
723,Curtis Pierce,Female,Medium,78.71632047011357,21.076837420065267,3,78.81663402462598,79.99184597273812
724,Sean Shaw,Male,Low,50.85432719063971,7.322806489777023,0,74.62587190530795,53.40668620780879
725,Andrew Solomon,Male,Medium,74.0800833182366,23.42991058087516,0,70.03695671847848,91.67270095575769
726,Kaitlyn Harvey,Female,Medium,75.09216966532696,15.32018277442976,3,74.11463035408356,81.63984425420955
727,Joseph Murphy,Female,Low,51.737908526808354,16.040288991405724,4,60.414759155308815,66.4167952219221
728,Catherine Koch,Female,High,82.30120159845319,26.836436567006704,5,62.575157674616165,90.39826418034762
729,Danielle Robbins,Female,Low,46.108476372988434,21.190918383975614,0,50.14694164632132,52.33585578901811
730,Nathan Baldwin,Male,Low,50.97922627548841,10.882670088140738,1,65.30874513154735,61.833589131939185
731,Jill Larson,Male,Low,45.10813611192484,10.253416019409013,4,63.85014278708509,48.361415139360105
732,Rebecca Stewart,Female,Low,52.04126377857236,11.902901970561336,0,60.62880860174355,48.19619113468242
733,Jennifer Chaney,Male,Low,41.4870819788108,10.484101085828623,0,50.0,49.90107282431558
734,Christopher Roberts,Male,Medium,80.14577818662822,21.99970950971025,2,85.87061111699441,97.18502446249529
735,Scott Coleman,Female,High,87.36298741206521,16.91844695781706,3,68.69029102188036,88.7441329601643
736,Stephen Bishop,Male,Medium,76.28014867156938,12.73158790426823,4,58.648622188285486,69.09530967932284
737,Lauren Mercer,Male,Low,54.91345491972757,6.660985392104035,2,54.423378344896214,49.4887667811552
738,Rose Torres,Male,Medium,83.32737222231289,22.75153795986788,0,85.54160420714774,94.44236189090701
739,Robert Barnes,Female,Low,55.07185032509065,20.553066862909624,4,55.539759765522234,59.614112735483644
740,Ashley Washington,Female,Medium,65.79562884334177,17.477753907312643,5,64.1486550036191,70.46274934224544
741,Peter Watkins,Female,Low,43.60211516632149,11.155891384049946,5,50.0,50.9343152524576
742,Cynthia Martin,Male,Low,46.875907111521606,12.350260815565907,2,51.43514668643466,54.60961253610063
743,Kelli Mcdonald,Female,Medium,75.13045525105417,23.809391513040953,3,69.58139514518507,88.83816948946044
744,Tammie Moore,Male,Low,52.58829510234561,7.363234329047129,0,50.0,44.895456826527905
745,John Hamilton,Female,Low,46.37128093423267,13.191844913673926,1,50.033925409302014,52.98138808221405
746,Sara Harris,Female,Medium,75.9338338223854,22.87598814891215,3,66.4132193491678,75.3633598801848
747,Andrew Chang,Male,Medium,71.22308533823339,20.505470849699226,4,50.48985916380493,77.13514022350085
748,Wayne Wallace,Female,Medium,71.94241098504025,18.947908082993717,0,73.86323317811559,90.81771258611107
749,Daniel Reid,Male,Medium,67.96669451575889,23.005230462835705,1,65.95528779013878,76.70888003853752
750,Wayne Hernandez,Female,High,80.38383376944547,11.483838535003814,0,97.5547569831549,87.27092847814046
751,Kimberly Blair,Male,Medium,68.24157697191833,21.38937659765454,0,85.73019725214857,90.32847577514801
752,Antonio Ellis,Male,High,80.12063373511333,21.72962158436288,3,69.34194430881837,98.69059586006372
753,Cindy King,Male,Low,55.2682089830392,2.846835515717716,0,53.49162288433305,44.32984999587611
754,Tammy Owens,Female,Low,45.25300555584028,14.556012997624904,4,50.0,50.10716617315652
755,Robert Wolf,Male,Low,63.161910324186955,18.86829272581479,1,50.0,57.56209968857212
756,Mr. John Jones Jr.,Female,Low,52.466589504404446,11.312757426861541,1,54.950249840281266,56.06421031262054
757,Robert Moss,Male,Medium,75.92418061847437,22.764372736014693,1,60.4171793111241,95.52245352466332
758,William Watson,Male,High,80.70821109909393,33.06139128994323,0,68.69384665062474,99.0
759,Laura Alvarado,Female,Low,53.501549397044954,18.57457226792024,3,55.227112239002686,63.64684525610451
760,Lisa Martinez,Male,Medium,72.12181086881112,26.199822646856965,4,68.29529584221811,90.38751183025316
761,Gloria Warner,Female,High,85.6100490732268,28.71063745535946,1,69.95684240340007,99.0
762,David Mitchell,Female,Low,62.800422691343975,12.377168194507965,2,59.95355430762599,57.893765340934294
763,Scott Jones,Male,High,84.51970050137675,16.990170940514158,4,65.68422270834668,91.01775172006022
764,Travis Webb,Male,Low,55.74636663142838,10.769687559350256,0,57.53165238037981,58.61047505346437
765,Margaret Williams,Male,High,81.48411787437057,20.783767023419042,5,78.20344012612456,93.58326587535673
766,Kenneth Ramsey,Female,Medium,74.82505754751519,28.85471358748907,2,65.66387435296286,88.37801149349058
767,Zachary Bennett,Female,High,93.85400317817755,24.120570937838316,1,82.54740912141135,99.0
768,Grant Hayes,Male,Low,46.86516471106116,12.616024033922429,3,50.0,55.708808451796926
769,Andrea Harvey,Male,High,94.06224278998465,27.75742688020234,4,70.03533416571902,99.0
770,Hannah Harrison,Male,Low,53.538759677277376,12.218012231862268,5,50.0,58.58624281755536
771,Kenneth Barrera DVM,Female,High,82.18766612052866,33.47525520215376,1,70.53421653459762,99.0
772,Edward Price,Female,High,88.1620386952776,21.88675319132774,3,72.23225836884218,92.78857935580179
773,Justin Porter,Female,High,89.86277224813365,25.973037276186215,0,64.51381701136253,97.66838314668423
774,Kathleen Parrish,Male,High,88.10904981108598,21.28764707150976,2,71.08846252857896,87.25999240337934
775,Katherine Barnett,Male,Low,42.14887640054772,5.399887443896471,1,50.15124506630329,45.242500914876864
776,Amanda Barrera,Female,Medium,71.36431412087566,14.941154545473573,2,63.4382024750462,65.35084745374066
777,Michael Fernandez,Male,Medium,73.76240682224248,17.81481601475794,3,61.58502554129221,71.71603045266538
778,Corey Harper,Female,Low,49.62783285449977,9.8534888774137,4,50.0,39.29737974930369
779,Ashley Pierce,Female,Medium,78.10336048775339,14.53789510063072,0,74.79441518086064,80.69479440616195
780,Jonathan Harrell,Male,Low,50.88850500466627,4.968412681640831,3,57.745170741325225,46.38944614087371
781,Jennifer Diaz,Female,High,78.32327820644949,24.584472136856526,4,65.50234773151733,91.847901100331
782,James Bush,Female,Medium,76.90098925502981,10.476398129844988,3,51.967991446108556,62.209582418305594
783,Ashley Martinez,Female,High,88.05292872641911,28.80027981844801,2,65.57955587756896,97.59420526879275
784,Sara Schwartz,Female,High,87.7989522396552,25.412198764672517,0,75.12797078805073,99.0
785,Kelly Todd DDS,Female,Medium,80.4039036277731,10.712242502675348,2,62.48078682183491,70.0077288423277
786,Daniel Woodard,Female,Medium,79.16961077274452,16.453954614750682,4,54.30003933802543,77.28439325588698
787,Dr. Kimberly Salinas MD,Female,High,87.29590039614219,21.239217972047083,3,61.03883335750106,87.79082830154259
788,Anthony Griffith,Male,Medium,74.64917144270676,19.5958725520959,4,57.43879172525811,79.51166687103063
789,Madison Underwood,Female,High,76.69519533242004,31.70225223011572,5,71.81426620113972,99.0
790,Emily Gomez,Male,Medium,77.14809109566293,8.624137651771278,1,73.95029465835565,75.82411901986131
791,Bailey Mendoza,Female,Low,51.03843843581556,12.575130395737085,5,50.0,50.94346275812833
792,David Harrison,Male,High,86.35789418597686,24.199336022166797,4,67.87002177856566,98.22936228634023
793,Ian Nelson,Female,High,78.61625712089845,28.356700382252328,2,66.73301691152689,98.29112250786918
794,Frances Barr,Female,Medium,69.59471729795868,19.065983141188447,2,65.68560829625224,79.46215010095891
795,Julie Hernandez,Female,Low,55.26576426666452,8.240153341305906,2,50.0,49.36643445549037
796,Brianna Johnston,Female,Medium,74.80222423071673,16.40473032166691,0,75.731278132412,81.50427348858364
797,Matthew Lewis,Female,Low,53.40750348686312,8.019870715982556,4,50.0,50.047313019295196
798,Christopher Clarke,Male,High,85.1415918806523,30.38003569299299,1,74.40370327547538,99.0
799,Erika Austin,Female,Low,50.14878069747873,12.10655824335971,0,58.01107339191742,51.91131005364848
800,Amanda Roberts,Male,Medium,79.69141902988,27.50595342876504,1,69.83834516322504,88.39250250628149
801,Francisco Chavez,Male,High,82.41977635891313,24.696695930926897,5,96.93033663980496,96.18169113010046
802,Brenda Bradford,Male,High,85.48060388470492,21.457966165447687,1,81.49800024567908,92.80478756502052
803,Larry Mahoney,Female,High,82.6886235564748,17.431428036935863,5,59.959454031579895,85.27831181040757
804,Jill Rogers,Female,Medium,72.82751886283842,8.984301618720275,5,59.04535752910927,60.66183916887306
805,Mrs. Angela Cantu,Male,High,83.4541393826568,17.079320284972553,4,54.23753666533548,85.71617341578592
806,David Mcmahon,Female,Medium,76.11066885816857,19.335633255057417,0,69.1940025070324,84.57879694520886
807,John Cooper,Male,High,82.60625689168262,27.54362511614967,3,65.66943942999241,89.4531636578601
808,Michael Martinez,Male,Medium,81.2787806278676,10.094046489839332,0,79.15390275560162,81.64541678674318
809,Brian Green,Male,Low,45.52696348890248,16.475191570380577,2,50.0,61.03500850797624
810,Mark Herrera,Male,Low,49.06564177919321,9.584694741582803,0,53.832340842047536,47.30827928001665
811,Michael Johnson,Male,High,82.80134470862913,25.733965059927748,4,65.64442158595597,98.7955801456267
812,Linda Evans,Male,Medium,82.23488942176867,26.061103141277123,2,83.38851351853332,93.90134240675403
813,Luke Garcia,Male,Low,50.98277388255787,16.48419657932766,5,50.0,58.162497331958015
814,Kimberly Ewing,Female,Low,55.159222697343175,10.657346760470839,0,73.32557043479201,55.52768428716506
815,Henry Allen,Male,High,77.57219813481514,20.544038872923565,2,84.14151762118266,85.95864892511625
816,Michelle Harris,Female,Low,51.33525132934629,1.2409229933534753,3,53.82066727335386,39.755322357703996
817,Mark Archer,Male,Medium,79.44815397811719,14.404233403787899,3,67.68733147317519,77.25189638637075
818,Dr. Bethany Nichols,Female,Medium,75.41141994637712,16.944348805861527,4,65.93797298216252,76.29077997216042
819,John Higgins,Female,Medium,80.32740187532676,13.06410236424408,4,50.0,64.8877307961108
820,Gary Bautista,Male,High,82.41355774949814,24.343715164538477,1,75.21116605849244,97.24173580413748
821,Felicia West,Male,Medium,82.0467372009279,18.384259414793842,1,76.45157971184321,88.6617538545804
822,Tina Rodriguez,Male,Medium,86.49449061809625,16.875720090959607,0,69.51102816525895,85.47750365535502
823,Jason Atkins,Female,Low,48.18580719780171,8.749987095882702,3,50.0,49.186812547176
824,Heidi Bonilla,Male,Medium,72.77248739299614,18.84327335983364,3,63.4759554942253,75.91313363499525
825,Rebecca Hughes,Male,High,92.2669223855885,27.209703247847045,0,97.04105516255491,99.0
826,Stephen Henry,Male,High,92.89786072865357,19.548004612785768,5,82.4689171553472,91.97655829063461
827,Rachael Morris,Male,High,82.38569986423366,32.054661898731354,3,73.37995990633968,99.0
828,Michelle Jones,Female,High,82.89906591452072,24.507059338578692,1,87.51449277058086,99.0
829,Gregory Dean,Female,High,83.59107695569746,25.094248114724238,2,72.33492979631949,99.0
830,Rhonda Thornton,Male,High,78.27774744482862,28.541072116282784,0,62.96128413173281,98.43614962166647
831,Kelly Meza,Female,High,80.40674026757901,26.166080656317508,5,60.75534011870445,91.64710969690906
832,James Wallace,Female,Low,44.97929616623966,16.765683169566223,4,62.62888768508198,65.07964283073122
833,Jeffrey Smith,Male,High,81.16101217447935,26.43562082600912,0,77.26006918170695,95.25029598920642
834,Steven Peterson,Male,High,84.8265755630661,21.93781312679781,4,69.56616020624982,89.27523273736054
835,Michael Lopez,Female,Low,51.1710736626826,13.807517626030508,5,50.0,52.54966178885105
836,Patricia Wilson,Female,Medium,82.75250246407039,12.281368963396691,3,83.04136589573007,87.4393222979832
837,Teresa Brown,Female,High,80.00822979630604,25.542798528882617,5,86.25958915362062,99.0
838,David Carter,Female,Low,54.92161199238292,11.833850046777696,3,71.18780233448135,56.18537676087958
839,Jeremy Johnson,Male,High,83.93005577887246,23.959415713637302,0,78.40954789599948,99.0
840,Michael Payne,Male,Medium,74.75268145173783,17.357312442805345,5,62.956244887470945,74.04510525782135
841,Ryan White,Male,Medium,78.37409746083301,8.590754772511804,0,54.833574505792086,64.55967210191733
842,Brandy Werner,Female,Low,44.386389892188504,9.256375461295193,1,67.76934426118274,58.58745758156835
843,Dr. Kerri Williams,Female,Low,51.912048730920255,12.464224505705573,1,50.0,48.36317325289726
844,David Hudson,Male,Low,50.83226104106528,12.799281959987002,0,57.16775563762629,65.88627373837028
845,Morgan Griffin,Female,High,87.46225632004075,19.86162429537021,4,61.02697472367156,94.26809255048512
846,Heather Martinez,Female,Low,51.44584321953909,18.328539204323505,4,50.0,66.02689268602234
847,Stephanie Walker,Male,High,97.27650069955448,20.669125758927496,3,65.627375689503,94.58706633725939
848,Crystal Lynn,Male,Medium,71.81130007874341,22.847286002633684,1,61.92124739324182,83.46793385723478
849,Adrian Swanson,Female,High,82.34501522499092,27.135971809358423,5,64.60877296851021,90.21804507915598
850,William Soto,Female,High,81.88429736787617,21.768863450780984,3,68.51731205074923,90.3082366679784
851,Jared Thompson,Male,Medium,72.22261440419872,26.87655446304756,5,68.33333911780306,91.60918709089324
852,Ms. Sharon Baker MD,Male,Low,46.81306436346741,6.0318158412175995,3,50.0,50.943720063755066
853,Harold Daniels,Male,Low,55.94508265553776,16.595770868050007,2,53.20541427013867,56.71879830090446
854,Debra Melendez,Female,High,92.10252123994927,30.002911590214893,0,92.17959152305559,99.0
855,Ernest Gould,Male,High,82.14626853125262,21.646898954616777,0,74.86803635486604,95.53870096333839
856,Amber Powers,Female,Low,45.838222134478855,18.962326500321645,0,50.0,54.11113464321509
857,Benjamin Callahan,Female,High,87.35707778193202,23.749767427005235,2,73.69475374819748,99.0
858,Whitney Foster,Male,Low,47.23888477859514,13.443468146399285,0,66.7972520836071,56.44693965348628
859,Christopher Barker,Male,Medium,78.16465908877755,19.301609193856102,2,67.94107630953357,82.8331658051133
860,Margaret Davis,Female,Medium,76.01461510425649,17.32845629264726,3,58.68785705392402,75.04660384949713
861,Robert Martinez,Female,High,77.42127942501384,29.05404136579891,2,80.8387665118804,99.0
862,Kathleen Ball,Male,High,92.73752600665031,28.967443602761065,4,60.97707850163576,99.0
863,Ana Knox,Female,Medium,83.9793883654776,9.257340133809096,0,76.81359510442948,76.66659414525068
864,Connie Reed,Male,High,81.93605654757806,31.521701214390763,4,76.08607307701767,99.0
865,Anthony Barnett,Female,High,83.06149220032007,16.68754005982163,0,76.92191528861116,87.6839114300956
866,Michael Bradford,Female,High,86.42932695362452,30.162731021708286,1,69.61414201552769,99.0
867,Sherri Dorsey,Female,High,86.67228394993512,30.633525684137915,3,65.13319077716542,99.0
868,Mrs. Zoe Hogan,Female,High,88.29272136336415,19.54516784892401,4,77.3481733634591,95.67517813728783
869,Amanda Smith,Male,Low,60.05102269383175,9.945928560227076,2,63.289805024890626,63.923055931828024
870,Sarah Smith,Male,Low,49.11526386252975,6.471476657570321,0,50.0,40.460767908328975
871,Kevin Peterson,Male,Low,46.00851377730773,10.925394848556323,3,53.58386703551484,51.877846636313976
872,Edward Garcia,Male,Low,43.10340385992736,10.459828579071294,1,50.0,43.806314244001165
873,Meredith Floyd,Female,Medium,71.3453498002904,21.898302661346698,4,56.153822693428,72.27762528410108
874,Kimberly Thompson,Female,High,84.83436513563102,31.55154373059804,1,77.68941067129099,99.0
875,Gregory Bentley,Male,Low,58.97278931758894,18.97841905394978,2,50.0,71.32271526384318
876,Richard David,Female,High,82.41194350481915,22.18915986710849,4,62.63493625210404,96.13232926143729
877,Holly Clark,Female,High,86.11893975819449,23.95389063127736,4,65.32220443531114,97.00392960167596
878,Ricardo Smith,Male,Low,49.917885519636236,3.582809038895249,4,50.0,34.60302225507914
879,Sarah Peterson,Male,Medium,80.94196636724043,13.970649667519055,4,60.12670981593625,74.19817583576022
880,Victoria Santos MD,Male,Low,62.63466212936811,16.824258165487286,3,50.0,65.25147469484067
881,Jordan Santos,Female,High,82.3456561353984,33.07791411774116,4,50.792998473649334,99.0
882,Ryan Powell,Male,Medium,72.5528027874089,11.82825564060039,4,55.931348221428244,58.77546443270877
883,Joshua Carter,Male,Low,55.22080438534536,9.037678704235528,4,51.57686586053552,46.95500671728208
884,Rachel Taylor,Male,Low,53.409457448131555,11.867971215205365,4,50.0,53.28495961675548
885,Ann Whitaker,Male,Medium,84.23353662868017,19.400805794098034,5,55.00269823848369,83.65664562352076
886,Deanna Ramirez,Male,High,87.91964092662982,20.95198240039177,1,72.7375214348258,85.65085257607005
887,Abigail Miller,Female,High,83.2035395460647,27.120305222320447,2,89.88337778208448,99.0
888,Lisa Hayes,Female,Low,52.95327415346155,9.630803264645419,4,50.0,51.453517428353884
889,Michelle Duke,Female,High,90.54351790291454,24.927738645608603,0,83.82988984740929,99.0
890,Mary Warren,Male,Low,54.10241090598682,14.731421240018499,2,52.41257140087463,62.5067291918665
891,Devin Foley,Male,Medium,77.53637015553649,18.032111349054688,3,50.0,79.06593827512425
892,Jason Dudley DVM,Female,Medium,80.33337344794577,15.818070547367157,1,75.68207216631737,79.31995315240444
893,Casey Reed,Female,High,90.84647795222837,24.451950980370846,0,82.15396505456287,95.78711118808869
894,Tyler Reyes,Male,High,91.91079495518764,24.558185203973323,0,85.0826863967459,99.0
895,Miss Shelley Johnson,Female,High,88.24354943794822,23.14994485058936,3,100.0,99.0
896,Jeffrey Carson,Male,Low,49.16440959841573,10.706019686664488,1,50.0,58.98026010098584
897,Christopher Porter,Female,Low,50.733568432166614,19.993235852523583,1,70.24696649761108,73.41214585666718
898,Debbie Mccarthy PhD,Male,Low,56.03254483254179,14.804597239706194,5,50.0,59.82523873467282
899,Amanda Riley,Male,High,80.91532164506381,23.522598409854197,0,82.87328904403009,99.0
900,Kevin Allen,Male,Low,51.84336654436451,15.484772022553678,0,54.54487754698758,57.90194257510259
901,Hannah Bolton,Female,Low,48.0333059383632,10.33090255121995,4,50.0,48.96010396904112
902,Jillian Brown,Female,Low,50.143724114674086,17.865623187933206,0,50.0,69.84158510052114
903,Elizabeth Bowen,Male,Low,56.39225931303649,13.84821096099047,4,50.29508735573009,52.5504930561628
904,Robert Hernandez,Female,Medium,75.95549534009952,17.463489279978855,2,50.82826303328321,83.66075813554866
905,Nicholas Lewis,Female,Medium,75.23218274078074,20.238584629051388,5,67.50579167521765,80.52077138127896
906,Timothy Fritz,Male,Medium,68.2007192951004,10.145619239657503,2,61.83805595114745,73.63360813644879
907,Scott Christensen,Male,Medium,78.7312678301361,12.366162655450974,5,50.0,61.79782727110792
908,Jenna Nelson,Male,High,88.22742090570537,19.030374968004722,1,73.49987142004187,97.60690075572363
909,Sarah Martinez,Male,Low,60.8162736165273,12.714715473818533,4,59.571492168625724,56.77176498604276
910,Lori Ryan,Male,High,83.461108825235,33.66257499742546,1,72.64664912983777,99.0
911,Samuel Bradford,Male,Low,51.0957516383197,23.15650073096316,2,54.5845361820962,69.69413259916725
912,Tom Carey,Female,High,86.24691841855378,28.190255507203787,3,66.69043724284526,99.0
913,Kelly Miller,Male,Medium,82.88726639881737,20.504222374722286,4,69.57921849923619,82.40903176599706
914,Aaron Davis,Male,High,84.52352233806523,15.994711329236305,2,82.85507738790204,84.36450594438826
915,Jon Johnson,Male,Medium,76.39510762885169,15.28663100132989,3,82.48608833296412,81.68860293135101
916,Angela Contreras,Male,Medium,78.0394825485827,14.061081240458805,2,64.24436054500785,75.92522202760009
917,Christopher Rojas,Female,Medium,75.9330456157818,14.89576200874442,0,76.68654804757907,83.99569520885224
918,Mrs. Morgan Coleman DDS,Female,Medium,72.76783192724736,17.159280907076052,5,60.98067539538944,80.24044533482949
919,Dennis Hampton,Male,Low,50.970449964491536,9.639547111514364,2,63.95871781863015,54.846175958840426
920,Donald Campos,Male,High,90.36815874929886,15.103500948121061,5,62.81167612391269,94.89248404860993
921,Shirley Walker,Female,High,79.8674235029447,28.73955128058767,2,83.45005312877281,99.0
922,Richard Shaffer,Male,Medium,75.66484837073438,12.636284871300967,0,68.05302703883318,74.11325677547038
923,Miss Stacey Cunningham,Male,Low,46.499395925304135,13.196234320555748,0,54.358118228915025,47.684838227948916
924,Jerome Mendoza,Male,Low,55.97523314462421,22.370413348749867,0,55.91752484448373,69.6965491281138
925,Keith Gonzalez,Female,Low,42.384065476081126,7.403077042067883,2,53.52240396426677,44.21210510313826
926,Sarah King,Male,Low,47.20539076364206,0.0,1,51.83770956878042,43.7349931574983
927,Mr. Brandon Harrison DDS,Male,Low,51.8860593753226,10.569978890599446,0,57.147131831705266,57.89495608869423
928,Shirley Rodriguez,Male,Low,57.827620146171704,17.504798174992857,4,62.781180575621846,60.07431443298358
929,Wanda Wright,Male,High,84.67124869463507,34.79173727110297,5,79.85449685615218,99.0
930,Daisy Camacho,Male,Medium,72.22400236653401,11.852252027737915,0,78.69154592496896,80.07742301603507
931,Charles Lara,Female,Low,59.40578534720295,14.483496116182609,3,50.0,67.28266627523948
932,Jennifer Mccoy,Male,High,77.75993049791877,22.673447716099734,0,71.10759171771676,99.0
933,Christian Fuller,Female,Medium,64.00597021689958,17.47025822847932,0,79.55300558237752,84.23683290720567
934,Leslie Pena,Male,Low,52.200072250266665,25.221716735085174,1,61.760467925297945,74.47465933287408
935,John Moore,Female,High,82.48972887823695,17.485148358024233,4,86.72670675750982,94.93764163529406
936,Bernard Johnson,Female,Low,44.89383591434643,13.268698307472867,5,50.0,57.6274968382368
937,Mrs. Monica Grant,Male,High,88.54178223649677,27.338465858827167,4,69.70451344639653,95.47033897171201
938,Laura Abbott,Male,High,86.219003568856,30.428931624696737,0,63.605158374745656,99.0
939,John Willis,Female,Medium,72.17960684631636,18.48991576735448,2,62.07528893939127,74.8194845973881
940,Chris Hunt,Female,High,78.59847800664552,26.54025269752051,0,89.96570510579447,99.0
941,Sandra Anderson,Male,High,89.36228664140073,23.041757162891045,0,75.33504620771802,99.0
942,Kathryn Brady,Male,Medium,78.2510058897933,19.345634706225535,5,66.40479795200824,78.95173195538507
943,Brianna Padilla,Male,Low,49.50412068110309,10.284038622512949,1,51.094968940021886,40.01946346411616
944,Heather Cox,Male,Medium,84.23318498023833,21.107859449280255,0,73.2405702822156,88.93377269077398
945,Jennifer Welch,Male,High,79.64957616836924,23.15194831978183,0,68.52308610184332,99.0
946,Sandra Ryan,Male,Low,42.372374145376305,13.885501969510932,0,55.852094496339014,58.05532988521474
947,Angela Gill,Male,High,81.54045965059377,24.853685931575107,1,50.0,94.08153821718052
948,Laurie Ford,Female,Medium,74.77206991822251,23.63025125386084,2,64.13103841838016,85.10447448806366
949,Sandra Armstrong,Male,Low,51.21669724661346,11.743031382057568,4,50.0,46.18316287601553
950,Kyle Ramos,Female,Low,48.79381971071835,3.1348376589655924,5,57.059945165468164,45.47378823280884
951,William Figueroa,Male,High,86.76027698257148,31.309607503569957,3,81.77407352764511,99.0
952,Melissa Arroyo,Male,Medium,68.74230287904778,13.471338495686904,2,70.66670981966081,84.78302395924392
953,James Alexander,Male,High,92.2188230203663,21.7311683067559,1,93.2100622715938,99.0
954,Ashlee Brown,Female,Low,49.58924410803716,9.021693529782539,3,50.0,46.25848836618415
955,Lisa Mercer,Female,High,90.58647915794064,31.872190465854086,5,87.47363197915558,99.0
956,Ashley Fowler,Male,Medium,76.71362673188852,7.321628930106522,0,79.32191564260384,72.80325906859645
957,Nicole Hunter,Male,Medium,77.28376609576893,33.688742668299966,1,65.63444712781055,99.0
958,Tricia Torres,Female,High,87.84883640116102,30.28028404533026,4,83.35620147182944,99.0
959,Chris Olsen,Female,Medium,77.23854280008658,19.1161945706458,1,56.93706487588366,81.34805091629491
960,Meredith Simmons,Female,Low,53.21361379933772,11.725529996918569,1,50.0,51.197922821494736
961,Ashley Norton,Female,Low,56.64576265066216,13.427770374288285,5,50.0,65.72383293518972
962,Stephanie Davis,Male,Low,50.98260584850735,14.605612141896692,1,50.0,57.666318567280086
963,Christopher Holmes,Female,High,88.54501878794257,28.226077929750286,4,61.43442357239748,99.0
964,Amanda Sanchez,Female,Medium,74.55132152856386,20.778022330017244,0,82.23083067095325,86.38227207150841
965,Cheryl Carroll,Male,High,92.20058607724737,25.447903406276243,5,67.41145599630168,99.0
966,Dr. Megan Horn,Male,Medium,71.61803848970365,17.01330789846337,0,73.5250496835688,82.67624973482411
967,Kenneth Woods,Male,Medium,84.00470216455408,17.243633581732443,0,64.2964863358632,74.13494060417877
968,William Stevens,Male,High,84.79921024677829,24.025458598236597,4,53.79396699451483,99.0
969,Carolyn Hall,Female,Low,42.84612448940976,17.668850484335323,0,57.70057358391422,67.10446475675329
970,Ann Pitts,Male,Medium,75.64052207455394,20.967783611404307,0,50.87745024580223,78.69480765651748
971,Gabriel Clark,Male,Low,46.5947417126256,0.0,4,50.0,31.12654798277096
972,Abigail Ward,Male,Medium,79.20321774494361,21.279503882648804,3,50.3168496116719,82.54955470967535
973,Richard Moore,Female,Low,46.73688010348805,12.973680973593874,1,72.87275999230808,61.058485704472275
974,Robert Parker,Male,High,82.7690828339261,24.90645621777051,1,87.11362722174722,99.0
975,Caitlyn Mercado,Male,Low,40.552296345272346,10.057407734555571,3,50.05753791271481,47.76495617436051
976,James Chambers,Female,High,82.73846840375461,30.620563599930065,3,86.63706677654669,99.0
977,Amy Hayes,Male,Low,37.88060336685522,16.737632310614288,4,50.0,60.473928616438265
978,Martin Johnston,Female,Medium,67.08048588257138,14.135611660881954,4,67.43479378670094,74.86588250774041
979,Anna Duran,Female,Low,53.80207328072149,14.035261435622676,4,50.0,51.1148655404861
980,Michelle Pollard,Male,Medium,78.92900079325416,13.141716327293569,4,64.6402008133367,81.54653441761722
981,Trevor Christensen,Male,High,87.12728780892482,18.101909176055347,3,86.72353500106767,99.0
982,Kenneth Greene,Male,Low,45.165119284353935,8.866413877050174,2,58.32492102779802,65.9635043471016
983,John Bauer,Female,High,84.7614432192901,29.311967361913794,4,74.88723662825024,98.92763894428968
984,Patrick Simmons,Female,Low,49.98198730454716,16.765625226880434,4,50.0,59.32595525982676
985,Katherine Anderson,Male,Low,44.20817655403729,14.565427100486465,1,50.0,44.25128962625374
986,Susan Barr,Female,Medium,82.51699150883576,21.625478934239986,1,66.77291066404275,91.25499030573116
987,Kenneth Morton,Male,High,89.38681145287836,27.58089143557479,0,80.93372374276652,99.0
988,Jill Reynolds,Female,Low,48.89517913085168,8.792592023885238,5,50.0,57.22641105512772
989,Paul Ray,Female,Medium,75.13442919497265,20.159612723369705,3,88.11676675578421,85.30726212267507
990,Robert Montoya,Male,Medium,76.04191403973776,22.002047626138413,2,81.16394055253573,81.7224897431856
991,Stacy Richard,Female,High,74.79132565787855,28.771456649067872,3,80.02118320392483,99.0
992,Matthew Werner,Female,High,83.76411308739702,30.944566857373214,5,70.72036861283745,94.47779719157221
993,Mr. Jeffrey Brown MD,Male,Medium,71.59007876001101,21.541519236005318,3,61.87791030098849,85.30472495004388
994,Dr. Guy Clark,Male,High,79.99189995052542,26.757241037707914,0,70.48081539977764,89.92427861411136
995,Kathleen Hill,Male,Medium,73.59449853557022,23.350751191582138,5,60.774805185188626,83.33343030559904
996,Jessica Perkins,Male,High,93.98843263424762,24.8673937037547,3,76.57752540142751,93.52044401935196
997,Candice Carey,Female,High,88.20421430633505,20.59062674386141,4,59.582394245183764,89.26366706603963
998,Ashley Ruiz DVM,Female,Medium,72.14410505108602,17.18466518028118,4,65.34176417244898,85.29866026752919
999,Frank Pierce Jr.,Female,High,87.86291390678079,21.275486775967757,1,76.44740951175251,99.0
