StudentID,Name,Gender,ParentalSupport,PreviousGrade,StudyHoursPerWeek,ExtracurricularActivities,AttendanceRate,FinalGrade
0,Shaun Caldwell,Female,Medium,77.48357076505616,24.99677718293001,1,61.24821725025618,79.32498831122838
1,Michael Simmons,Male,Low,49.308678494144075,16.623168414563843,0,53.55481329284482,56.435792429090185
2,Bryan Snyder,Male,High,88.23844269050346,25.29815184960087,5,62.075800790000386,94.70787186561431
3,Justin Jacobs,Female,Low,57.61514928204013,8.765316111472131,1,50.0,62.50287733328356
4,Paul Holder,Female,Medium,73.82923312638331,21.491116568067948,2,50.0,82.10379875490366
5,Andrew Benjamin,Male,Low,48.8293152152541,13.967426927108749,4,50.0,47.615230553132676
6,Felicia Miller,Female,Medium,82.89606407753696,22.475966100138663,1,68.01205475362224,92.46338282435605
7,Jennifer Murphy,Female,Low,53.837173645764544,15.175859008409848,5,50.0,49.509380323705805
8,Michael Shaw,Male,Low,47.65262807032524,17.247763576596675,4,53.59245668432405,64.24955979477868
9,Jennifer Gallegos,Female,Low,52.712800217929825,9.32382394219716,1,62.37570137626558,53.13079597159881
10,Katherine Dunn,Female,Low,47.68291153593769,18.586970328171628,3,50.0,59.40934806448517
11,Lisa Carney,Female,Medium,72.67135123214871,18.987998023461998,5,52.37275221433786,81.69494702302619
12,Kiara King,Female,High,86.20981135783018,35.37630436312632,0,72.30857650212701,99.0
13,Kristina Doyle,Female,High,75.43359877671101,21.55406090955216,1,68.60096898891135,84.13301237325544
14,Keith Mason,Male,Medium,66.37541083743484,26.679819015826247,1,76.29474841931749,88.03637504803066
15,Dr. Shelly Hurley,Male,Low,47.188562353795135,12.98955391731324,3,50.0,58.15478389739053
16,Dana Brooks,Female,High,79.93584439832789,21.74290998192776,2,73.35485158689389,86.47555483632843
17,John Khan,Female,High,86.57123666297637,22.58057082972839,5,50.0,75.06440167031178
18,Nicole Wilson,Male,High,80.45987962239394,23.3982634590284,0,86.35418030209226,98.91232779837433
19,Judy Clark,Female,Medium,67.93848149332354,20.120829732009582,3,51.60741605146528,78.06131709073509
20,Terrence Mccoy,Male,Low,57.32824384460777,14.614177440177498,5,50.0,63.96961921475025
21,Taylor Roberts,Female,Medium,73.87111849756732,15.131499980307105,4,64.77376937958192,72.82257137884304
22,Sabrina Anderson,Female,Medium,75.33764102343962,17.878227038695087,4,75.60658595838652,80.2137716077459
23,Robert Hoffman,Male,High,77.87625906893271,35.71135179305932,4,58.91179600880888,99.0
24,Jeff Bray,Female,High,82.27808637737408,33.637715850503554,0,50.0,93.92778507307679
25,Selena Diaz,Male,Medium,75.55461294854933,20.18161834837016,1,69.83849544753694,82.94873195580998
26,Laura Coffey,Male,High,79.24503211288848,25.190017390841,5,88.00511181510853,99.0
27,Joshua Gonzalez,Male,Medium,76.87849009172837,18.600156633591308,1,80.38946352939438,88.9345166622444
28,Bethany Martinez,Female,Low,46.99680655040598,15.067589863652083,2,53.096594152746256,54.259775236414356
29,Monica Smith,Female,High,83.54153125103362,19.886037174007974,0,75.08363814367952,94.97715361085608
30,Vanessa Mccarthy,Female,High,81.99146693885301,23.713117312883274,2,84.0712259663731,88.0320585738481
31,Melanie Frank,Female,Low,59.26139092254469,3.6570796306120528,2,50.0,43.8018098640831
32,Brian Heath,Female,Low,49.93251387631033,13.996115613026397,2,55.76357769356219,59.764961156996804
33,Rebecca Dean,Male,Low,44.7114453552205,15.235979698513706,0,60.054701591666266,54.272694086531125
34,Mary Howe,Male,Low,54.11272456051594,9.58406768850313,1,63.6020990749888,57.021521880854756
35,Jennifer Thomas,Female,Low,43.89578175014489,19.869933816450164,3,76.59660038911078,70.11557590054488
36,Sarah Jones,Female,High,86.04431797502377,18.871171684988294,1,81.92415967178766,94.42763510924293
37,Justin Campbell,Female,High,75.20164938060113,17.6781255989509,0,74.91036374292501,89.61983844884189
38,Kristen Phillips,Male,Low,43.359069755507846,13.12225909279986,4,50.0,46.2766759871399
39,Ashley Morris,Male,Medium,75.98430617934562,23.235491513060772,4,50.0,80.24325588893095
40,Amber Cunningham,Female,Low,53.69233289997705,20.419638457289345,2,50.0,68.03158015668414
41,Diane Fisher,Female,Low,50.85684140594985,9.7055786856553,1,50.0,52.27429579000847
42,Linda Page,Male,Medium,74.4217585880588,23.39340416715648,3,58.759116020654076,81.03586689418783
43,Mark Velazquez,Male,Medium,73.49448152205356,17.807457652496463,3,65.52354872033722,80.0448884293723
44,Joseph Patel,Female,Low,42.60739004816286,11.136863500295902,0,50.0,53.98024117280332
45,Tiffany Bates,Male,Low,46.40077895802646,16.41829968743336,0,66.21030667324472,52.87565681721664
46,Frank Strong,Female,High,82.69680614520107,28.2616143920671,3,74.00207064918197,99.0
47,Laurie Patel,Female,Medium,80.28561113109458,10.118039215078753,3,63.90699678861385,70.24671685371113
48,Kimberly Conway,Male,High,86.71809144784231,32.38270174862948,4,68.72105283487082,99.0
49,Kevin Miller,Male,Medium,66.18479922318633,24.900456770737257,1,69.55190683858979,92.70627448396232
50,Frederick Savage,Male,Low,51.620419846973974,8.872186492452354,3,57.25098264667635,45.11171803758299
51,Jeffery Burns,Female,Low,48.07458859791842,13.979017667187046,0,50.0,52.457451627654095
52,Steve Burke,Male,Medium,71.6153899984702,20.470150931413695,5,53.41883510924743,75.29324417048022
53,Joshua Mosley,Female,Low,53.058381444204336,13.303368829119535,1,50.0,52.76862756700304
54,Jessica Cantrell,Male,Low,55.154997612479754,9.2484742307729,3,50.0,60.334851001103424
55,Stacy Mccoy,Female,Medium,79.65640059558099,14.641883160309742,5,51.807421402785025,68.19118598230563
56,Jeremy Conley,Female,High,80.80391238388681,24.872229645042772,2,71.23779126455341,94.76184400953774
57,Sara Bartlett,Female,Medium,73.45393812074393,23.86364509629682,0,78.74389180712727,92.66306206400682
58,Angela Anderson,Female,High,86.65631715701782,27.71800077297216,0,82.62561329001925,99.0
59,Stephanie Abbott,Female,High,89.8777256356118,23.14692833956947,2,77.93589911367545,99.0
60,Veronica Mclaughlin,Female,Low,47.60412881077355,15.858493553241724,0,63.50897962167972,63.71180398095428
61,Madison Diaz,Female,Low,49.07170511668092,0.0,5,50.0,35.46438002475981
62,Kyle Howard,Male,High,79.46832512996986,30.743828501860516,3,77.9046484992889,99.0
63,Charles Bryant,Female,Medium,69.01896687959665,9.301431106109503,5,58.96778247067503,61.31297825813072
64,Dana Clark,Male,High,89.06262911197099,23.18779529298434,3,76.65362349399628,92.37414149866467
65,Charles Robinson,Male,Medium,81.78120014285412,12.40165052686928,3,58.17241342388418,75.15415077324623
66,Angie Brown,Female,Low,49.63994939209833,5.526592621395471,1,50.0,54.7625562607501
67,Joshua Adkins,Male,Low,55.01766448946012,17.804133936892597,3,50.0,61.96403467397236
68,Jocelyn Copeland,Male,Low,51.808180125238174,9.661493993440544,0,69.2274813609994,59.211629836761496
69,Jason Rodriguez,Female,High,81.77440122697438,26.73251940865358,1,87.26215402241593,99.0
70,Sherry Murphy,Male,High,86.80697802754207,24.76539710560408,1,87.6539748459117,98.89080770878175
71,Adriana Zuniga,Male,Low,57.690182832329846,14.385204136115608,5,57.36130721806218,68.55928355233735
72,John Greene,Female,High,84.82086980445024,25.384109455301278,3,74.88657590961438,99.0
73,James Wyatt,Male,High,92.82321827907003,18.58503887905715,1,79.97315707405596,99.0
74,Billy Mcdaniel,Female,Low,36.901274479551276,16.9813340972357,5,50.0,48.9729457308834
75,Laura Jones,Male,Medium,79.10951252187611,15.531217084193438,3,60.8392714397295,86.12335655449056
76,Bailey Hunt,Female,Medium,75.43523534119086,10.217090506701245,4,68.15771149771142,74.75769366400517
77,Molly Moore,Male,High,83.50496324767066,22.859424195170437,3,86.03884437168816,99.0
78,Madison Paul,Male,High,85.45880388267751,32.503798953171554,2,74.60553724319,99.0
79,Howard Roberts,Female,Low,40.06215542699554,16.251108710567465,1,50.0,53.78354953310693
80,Felicia Kemp,Female,Medium,73.90164056081244,16.256739327960705,2,66.00527958856597,83.87298558681698
81,Megan Moore,Female,Medium,76.78556285755873,16.253711478407855,1,74.01206748929116,82.6240985131405
82,Ronald Nelson,Male,Medium,82.38947022370758,16.391824743913087,2,51.56145183866458,67.25906481584235
83,Robert Hansen,Male,Low,47.40864890863176,22.383739917804206,5,50.0,57.738015156282735
84,Erica Johnson,Male,Low,45.95753198553406,13.909677261157768,5,50.0,51.64539674663921
85,Kristina White,Female,High,82.49121478207732,27.150208235955347,5,57.79287574085842,96.96459343406265
86,Robin Mckenzie,Female,Low,54.57701058851037,17.15141727015921,3,50.0,60.62956251509572
87,Rachael Murphy,Male,High,86.64375554829843,26.193945795132567,2,74.52219681182528,99.0
88,Sarah Mcclain,Female,High,82.3511989811648,23.704789270896484,1,73.46751590976987,88.17097217027954
89,Matthew Acevedo,Male,High,87.56633716556678,24.01825075457511,3,88.52467534470745,99.0
90,Timothy Ortega,Female,High,85.4853877467402,24.641993702929682,1,81.2674476460232,93.55488570908288
91,Joseph Davis,Male,Low,54.84322495266444,11.813888817450792,4,50.004743596108284,57.91394111826005
92,Kara Nguyen,Male,Medium,71.48973453061323,21.6381477181849,2,72.22207144043402,84.75599893398737
93,William Brown,Female,High,83.36168926701116,25.259729429036497,0,68.61166882219231,99.0
94,Jason Williams,Female,Low,48.03945923433921,15.663200386077897,3,59.39111787420269,55.00954471634114
95,Linda French,Female,High,77.68242525933941,24.59641709945709,0,79.2423571346454,99.0
96,Tammy Cherry,Male,Medium,76.48060138532288,18.393175951580453,4,68.70480617241212,86.48411686804359
97,Brian Boyd,Female,High,86.30527636089944,15.008996577339461,3,63.28142766959844,87.9350562531061
98,David Marsh,Female,Medium,75.02556728321231,22.58163837351241,4,50.0,79.46060672718261
99,Mary Morton,Male,High,83.82706433312427,26.732442379489964,4,80.17889658025028,99.0
100,Amanda Liu,Female,High,77.92314628974793,29.99005054929826,4,75.76409526097517,99.0
101,Nathan Hardy,Female,High,82.89677338617321,10.518723109031553,3,64.9794844564249,83.05280071733817
102,Tiffany Molina,Female,High,83.28642741736616,35.44187352390364,4,63.303369187253054,99.0
103,Angela Morris,Male,High,80.9886136538919,24.302051859224132,4,83.2543478441477,99.0
104,Rachel Davis,Male,Medium,74.19357144166996,23.540914083687582,4,50.10588107132672,77.31027744945405
105,Curtis Jacobs,Female,Medium,77.02025428407269,12.800470364372345,1,84.42672953255963,82.8037715970093
106,Phyllis Evans,Female,Low,59.43092950605265,15.063869525312848,5,50.0,52.883307514003235
107,Shane Foster,Female,Medium,75.8728890641592,12.73292218413172,1,74.38391925608383,80.30578957932526
108,Melissa Wright,Female,Low,51.28775195361382,8.881155196520975,1,50.0,52.92550408158339
109,Cheryl Romero,Female,Low,49.62777042116917,21.57015676933393,4,53.03187431082343,55.29577688725459
110,Michael Dickson,Male,Low,40.40614392350479,11.046587996183266,0,50.0,43.609443945260026
111,Daniel Garza,Male,Medium,74.86743062275391,19.087164365898616,2,64.37207093927705,79.74749628624419
112,Sara Rios,Male,Medium,75.30115104970513,22.35033865344377,2,66.40919175395722,84.35932559449762
113,David Miller,Female,High,97.31621056242643,27.47840943986302,1,67.97812544218527,99.0
114,Kristine Melendez,Female,High,84.03819517609439,25.752094525717883,2,83.40824345420125,99.0
115,Katherine Ray,Female,High,86.50773671166806,26.824805012331126,1,72.86786433528415,99.0
116,Timothy Warner,Male,Medium,74.82644115147379,30.017077926191376,5,57.714000846599816,89.79392456610653
117,Jaclyn Stuart,Female,Medium,69.15660981190234,17.711906014832074,4,52.056506253914876,68.75492551794207
118,Juan Patel,Male,High,90.7141140725751,26.005495233574837,1,52.376663412046895,99.0
119,Stacie Weber,Female,Low,53.75966516343387,17.25327198003806,0,53.08972237399831,71.4117447190602
120,Frank Oneill,Female,High,88.95515973521523,30.52762966478992,3,98.12615421612915,99.0
121,Anne Vega,Female,Low,45.4530627260263,17.9351515278019,1,60.84604287898024,59.39638520169277
122,Christopher Rodriguez,Female,High,92.0139715546805,28.19365111014592,1,77.80739620265605,99.0
123,Stephen Buchanan,Female,Medium,67.9907446860386,12.284975436347583,2,63.37109170791733,68.1594490116728
124,Ashley Vargas,Female,Medium,77.93428546900135,26.167157661505478,4,62.22465892812046,88.54471505652708
125,Rita Zimmerman,Male,High,95.95227812904989,19.26827303490656,2,81.4711911517521,99.0
126,Dustin Hansen,Male,Low,45.04731837434656,13.513177326195166,1,50.0,44.18795970363636
127,April Phelps,Male,High,82.16851135198614,21.22862074990321,5,81.14321694668872,99.0
128,Heather Valdez,Male,Low,50.498256825438204,11.679308267035037,3,56.15381315441244,54.924019218587766
129,Sandra Miller,Female,Medium,72.48262172941901,19.6438120515174,3,71.18185725707934,80.3627146079014
130,Cheryl Brown,Male,Medium,67.24668284466934,19.606786077251364,5,64.38475738809727,76.79607287589131
131,Jessica Rivera,Female,Low,50.34281487403014,14.109603771176424,2,51.1961665769399,56.23964722320832
132,Chad Campbell,Male,Low,44.688481431369475,20.068556345293235,0,61.7286123596682,56.82023737757551
133,Jessica Horton,Male,High,87.36796215317591,27.2676715075699,4,77.91814133741379,99.0
134,Darlene Turner,Male,High,80.40287882883098,23.779216823546758,0,76.45959289058976,98.84071774831851
135,Katherine Moore,Male,Medium,82.7496720250877,22.820435841441785,5,54.26398227103098,86.47859715331138
136,Christina Mclean,Male,Low,46.08373353831882,17.947352444623203,2,52.01856295261987,64.33363408753154
137,Victor Frazier,Male,Low,48.38969241897162,5.861960924315038,2,66.49020151495188,45.23147824345076
138,Rachel Jenkins,Female,High,89.06758608684835,27.98700034924929,3,61.60892924346099,99.0
139,Albert Mullins,Male,High,78.84567841783023,28.50586371155449,3,59.324747342475604,95.70452656924618
140,Sheena Brown,Male,High,86.13729967302065,23.51218248320004,2,77.64760841236517,99.0
141,Krista Jenkins,Male,Medium,81.53571377141213,24.878534066558096,2,66.50887701856018,80.78505239224515
142,Linda Weiss,Male,High,76.96258382719387,24.249722064837368,1,79.73341664370409,97.80925350058727
143,Anthony Whitaker,Female,Low,50.92316929266152,12.62788226735771,5,50.0,50.00862315897406
144,Katie Butler MD,Female,High,86.29941397124212,24.13464087858065,1,75.76797745365195,99.0
145,Heather Hunter,Male,Low,53.909114358886555,12.077895237907338,5,59.89863438602082,58.87693128169069
146,Joanne Curtis,Female,High,78.81524644560959,19.518624565523993,3,57.99096021523484,82.30760664733295
147,Crystal Schwartz,Male,Medium,68.39771693457863,10.799745587028529,4,53.71502975219754,60.87242108304473
148,Robert Johnson,Female,High,87.60970782808448,32.97252531612486,1,76.96745239850952,99.0
149,Alexis Rice,Male,High,86.48492336616593,20.76519325840836,5,53.568111888458326,83.59942368651787
150,Ashley Bryant,Female,Low,51.252464251729386,7.043038252718464,0,53.241455955679285,54.134986867918336
151,Charles Cantrell,Female,High,86.73224104748488,14.233049431981426,0,96.61470165728018,93.91093023231848
152,Melanie Rodriguez,Male,Medium,71.59987639210755,14.805191261552489,2,66.20886488295962,60.733898438985676
153,Rachel Moore,Male,Low,51.16126848580502,5.384551032962508,5,50.0,42.551858350767986
154,Frank Moreno,Female,Medium,76.46536236649341,26.210075800681846,3,51.3983523482742,80.76502250767798
155,Anna Smith,Male,High,81.42824290986816,30.04908544671317,3,67.83638591960522,94.32473639857989
156,Erin Ross,Male,Low,59.328872555723784,8.559248274111381,1,50.0,47.315513760110306
157,Anthony Jones,Male,Low,52.36916460455894,23.262179026721544,5,50.0,66.90932303305428
158,Denise Salazar,Female,Medium,69.04348251398676,22.90882743495797,2,78.81643795003768,94.39612145379674
159,Tricia Beasley,Male,Low,53.28276804316915,10.375843082456887,2,56.57691060725124,56.30311446771619
160,Susan Nguyen,Male,Low,45.126591648863396,0.0,4,50.0,33.018119718466664
161,Austin Vega,Female,Medium,78.93542301871226,29.45471286295371,1,70.46504778432005,99.0
162,Caitlin Davis,Male,Medium,80.79297789503703,11.05213766618202,1,72.98221748496785,74.67897005182864
163,Eric Lopez,Female,High,80.89658840824144,16.773006265215542,0,91.40149038521267,91.4336881513033
164,John Clayton,Male,Low,54.816880646221605,17.112852160048202,5,60.805406865683736,57.43198356908669
165,Angela Cabrera,Female,High,87.06390463468249,36.0,1,67.84905808172131,99.0
166,Robert Garcia,Female,Medium,79.11030079997245,24.92136409255259,3,55.89142488789662,84.86756616462384
167,Megan Edwards,Female,Medium,84.48396491326974,20.819545600261797,2,53.42422141085384,84.59457455847887
168,David Bauer,Male,High,83.77305941998564,27.97377170832643,3,71.65980140893019,99.0
169,Peggy Logan,Male,High,81.23131917821256,29.26707779390154,0,84.66358374446335,99.0
170,James Shaw,Male,Low,45.55242785187238,15.794642948933825,3,58.873345165891024,53.60781592575294
171,Frederick Smith,Female,Low,45.92094857517281,13.405957119846878,3,50.0,55.996758932310215
172,Tiffany Gross,Female,High,84.61449145292949,25.52100551975938,2,72.80152476745155,93.7258010353856
173,Natalie Adams,Male,High,86.70575987408321,24.687034360502388,2,77.5175799224874,99.0
174,Jesus Martinez,Female,High,86.38345399665009,21.23017705566662,1,69.64857098369977,90.41308026593629
175,Tim Williams,Female,High,89.13591624518011,23.59662461566613,1,98.89538721694774,99.0
176,Connor Robinson,Female,Low,50.065009459389536,3.5352159290230727,1,50.0,36.434336945505116
177,Ronald Gregory,Female,High,92.26767038578659,24.50830186602625,1,79.84740578895725,99.0
178,Kara Barker,Female,Medium,73.67671583381022,13.057044464245413,0,90.2360621922964,87.0865206406974
179,Jessica Cole,Male,Medium,88.6008458329481,12.482053413921145,2,66.06799844559998,81.81734240578439
180,Manuel Peterson,Female,Medium,78.12833673882503,18.899470755767393,2,64.09960964998506,87.05269305758658
181,Maurice Hamilton,Male,High,80.71421221791859,31.960011431722997,0,76.42554577189573,99.0
182,Jacqueline Fox,Female,Medium,69.64553750969444,22.591583030011563,4,60.196083182375915,75.50859045195259
183,Kevin Bruce,Male,High,87.41236207621593,17.147496981884114,4,85.7284847467653,92.60654051113912
184,Colleen Young,Male,Medium,73.88268607337075,13.051859317148313,3,50.0,64.81430996433896
185,Mrs. Rose Reyes,Female,High,88.57000247046047,29.70385593994108,5,85.33433701296326,99.0
186,Maria Carter,Male,High,87.36618812286773,20.087563032308452,4,57.76042847549854,83.39573619843524
187,Peter Keith,Female,Low,49.63585543671564,10.876834250014877,0,52.333476707655855,58.07507473394642
188,Cynthia Diaz,Male,Medium,70.76603140965797,20.75026049512276,3,59.707555797013384,84.08376124765836
189,Timothy Anderson,Female,Medium,67.42576387657067,13.158277725681824,4,67.88553269770719,80.27399963933905
190,Kimberly Malone,Male,Low,47.767425239664895,12.526877530729799,2,50.0,51.090790169594236
191,William Alvarez,Male,Medium,79.28199397161737,11.329872525408977,3,68.62172666081943,77.95677341528436
192,Kathleen Miles,Female,Low,51.07046872065102,8.99316178024393,1,73.24309623286852,69.10116967710789
193,Aaron Gordon,Female,Low,43.77130610644006,13.598909670712684,4,50.0,48.73900566276276
194,John Douglas,Male,Medium,75.86590462925591,10.035031332341653,3,65.89706167610396,62.98231671568175
195,Christopher Collins,Male,Low,51.92658689864418,14.202373689801995,3,50.0,46.91343301768126
196,Joseph Mcintyre,Female,Low,45.580712818994336,11.901811005366595,1,57.25887206193036,57.75568009692341
197,Cathy Johnson,Female,Medium,75.76862552972764,20.762449772085738,0,70.19147777415752,76.86408223034829
198,John Myers,Female,High,85.29104359223,26.119570670323306,0,73.58513090955691,99.0
199,Vanessa Brown,Female,High,79.28514851084688,31.82070214986922,5,74.87872284871074,99.0
200,Curtis Gonzalez,Male,High,86.78893680174141,25.626122513239537,1,96.04348109786743,99.0
201,Thomas Johnson,Female,Medium,77.80392263184117,15.852972294373735,1,66.09096208272702,81.59964875172392
202,Phillip Graham,Female,High,90.41525621587638,25.611487515161418,4,79.19757942148182,99.0
203,Patrick Robinson,Male,Low,55.26901026017451,14.71649014518194,5,50.0,63.6617213448551
204,Maria Evans,Male,Low,43.111653160214544,12.244300351628521,3,50.0,45.67623978234605
205,Billy Williams,Male,Medium,70.31087480042439,18.202958456019413,1,72.72406277880377,77.90014320874153
206,Lauren Pearson MD,Male,Medium,77.5751763360433,14.490041560966223,3,78.84116028535965,76.70717126683056
207,James Peterson Jr.,Male,High,87.56892975456104,21.68549541224526,4,75.5561334878566,99.0
208,Tanya Williams,Female,Low,52.57523843153024,4.986973641001533,0,51.86941969476845,52.07728259221979
209,Stephanie Cooper,Male,High,99.0,33.7478837159347,3,73.99291405423354,99.0
210,Dawn King,Male,High,87.85445255346583,18.780683823043574,2,63.495922660302824,96.6448467415791
211,Brittney Kennedy,Male,High,90.677828200903,21.53547401102046,1,84.04515326355367,95.93704173576994
212,Angel Cook,Male,Medium,79.770008817466,14.407963672154013,5,68.82333062323409,85.68067967829714
213,Robert Morrison,Male,High,88.256956256529,29.474621884722207,3,69.4790966716692,99.0
214,Karen Oconnor,Male,High,83.42365377679828,23.52525160853986,4,67.29957852240499,98.46774698391737
215,Joshua Kidd,Female,Low,53.79484610246634,18.238710363368668,4,50.0,70.31338542088423
216,William Moreno,Female,Medium,71.13587392731215,14.632546878780659,3,59.63280263959405,64.12013057895099
217,Karen Burke,Male,High,83.81590696629996,26.39497081111901,0,79.33867385374178,99.0
218,Juan Mendoza,Male,Low,47.57318226085448,7.823264733701214,3,69.99721789166516,49.23983864887304
219,Eric Gomez,Female,Medium,75.40937069693162,28.72574563886694,4,59.52974299254004,94.10096256196171
220,Julie Solomon,Male,Low,61.573292833367546,6.062007904852436,2,50.0,45.65302292115922
221,Cody Stephenson,Male,Low,40.66367403704126,13.549103551135138,2,50.0,55.3118696228661
222,Robert Lowe,Female,Medium,78.43130095187257,21.168884404660492,3,71.44191971499937,93.560438300825
223,Rhonda Thompson,Male,Low,41.93642064405174,14.068995487257492,4,50.0,55.13337734274969
224,Tina Johnson,Male,High,82.64034067105283,24.073561705611457,4,65.50626961678574,96.01504631849811
225,Eric Evans,Female,Medium,80.44475298483682,17.35089650133287,4,75.21304032273012,78.62352238784946
226,James Murray,Male,Low,50.321400095477316,12.219057359895547,0,69.19603004513637,56.31598305297966
227,Christina Poole,Male,Low,44.61127611035347,11.264989991857558,5,50.0,55.11059296085379
228,David Jones,Female,High,81.42348145370016,29.819395583974547,3,55.33460048639384,99.0
229,Andrew Guzman,Male,Low,53.39798874467338,23.052615007956756,5,55.07513689836922,67.8497769800405
230,Amber Frank,Male,High,81.34816684141431,22.212541074960832,4,65.15370174239996,89.65087882040926
231,Thomas Phillips,Male,High,86.08229294790988,18.150985102104613,3,81.90625599162769,84.15693673362091
232,Kimberly Levine,Male,High,85.22785919951907,24.558589758243727,5,50.298961822881644,85.7968778431424
233,Gerald Moore,Female,Medium,71.74199826197092,30.898546688271594,4,70.92597338299309,99.0
234,Joseph Fleming,Male,Medium,85.71972044662662,13.981627160151346,1,55.88828070719219,70.93004712797759
235,James Young,Female,Medium,78.16959511159006,26.195584027220338,0,77.30764119066525,96.84223034060541
236,Erin Brown,Female,Low,39.874287066711965,20.388504070382204,4,50.0,63.45313957711942
237,Benjamin Ho,Female,High,85.93227157384713,22.232058791460027,4,62.460605806033556,86.5149475810895
238,Douglas Jones,Male,Medium,71.69106767615806,20.844915395926378,0,65.9296368707322,84.39276898069996
239,Brittany Richard,Male,High,89.26216667398111,33.14198311564269,0,86.86318456956701,99.0
240,Clinton Bryant,Male,Medium,71.0373963078365,16.104361295062564,5,61.05894453115235,73.62037204609163
241,Christopher Mullins,Male,High,84.4263177926655,23.982098199488192,4,77.84412980472484,99.0
242,Isabella Hudson,Male,Low,52.524936394902284,9.091595430256781,5,64.76440584515485,45.50621453342453
243,Kristopher Smith,Male,Medium,79.32877597085061,12.926216346535666,0,54.357583882889486,78.8438878184693
244,Wesley Gay,Female,Medium,68.99851796472112,14.753612274669965,4,78.17212574968624,75.89137095341596
245,Lauren Aguirre,Male,High,83.32749382079525,18.880298666188718,3,75.04355937523214,95.86002451449758
246,Kimberly Gonzalez,Male,Medium,72.62527344419522,18.17041734129613,0,61.01215951676872,81.36479380076028
247,Daniel Carpenter,Female,Medium,71.73335383713145,14.15013384470679,4,50.0,65.00772116295074
248,Howard Price,Female,High,93.82727120140548,26.16892955895374,4,70.10879609222967,99.0
249,Laura Miller,Female,Medium,77.02490855480478,10.220521768981865,5,69.2165011192446,62.05003262348209
250,James Garza,Male,High,78.69558022832477,26.654401161072286,5,68.72450879622465,99.0
251,Albert Clements,Male,High,89.58930973527389,29.167644808044624,4,87.11154930247348,99.0
252,Tracey Gilbert,Female,Low,60.610780985063165,2.0313217871427227,2,50.0,48.875199381812045
253,Diana Zavala,Female,High,90.16232630275573,26.87028284923786,2,75.87911052153946,99.0
254,Deborah Barker,Female,Low,42.403150170229935,18.13834496236646,2,50.0,59.56537322398028
255,Michael Rivera,Female,Medium,72.57882963566874,11.951794906543974,2,69.63631882624968,74.00502848898655
256,Jonathan Wilson,Male,High,91.33455574593312,33.362861934188516,2,84.868873900973,99.0
257,Adam Cook,Male,Medium,71.4616526719061,20.095095046830227,4,57.792382063189464,74.4753859256703
258,Ian Cook,Male,High,87.21909714073114,21.474940721207957,2,50.0,95.59124082262865
259,Nancy Mccullough,Male,Medium,78.87317026714669,17.72115461171147,3,65.98948146796495,88.29317510983182
260,Robert Castillo,Female,Low,45.36534764210958,14.791634562608612,2,55.367385517335094,55.315764005614426
261,Julie Black,Female,Low,49.702373219691,12.380026957062057,4,51.042947549616976,53.27987963750233
262,Nicholas Lambert,Female,High,68.79366329965464,27.693779962231847,3,86.35782191822155,95.6342759750377
263,Kevin Jackson,Female,Medium,69.87806179332856,13.396632034603169,4,51.28946320350951,73.27780634624531
264,Katie Richardson,Female,Low,48.7371592430342,12.84680412018039,1,59.802161054504495,60.678761076240384
265,Deborah Rivera,Female,Medium,68.76108409017576,10.9314275154751,2,77.92507512477975,82.70575637439309
266,Jeremy Robinson,Female,Low,58.16205651965818,11.443869693256499,2,50.0,51.605850853872376
267,Cameron Reid,Male,High,77.84929311019684,20.480461792676053,4,75.19651825918977,89.38518737795584
268,Kathy Reynolds,Female,Medium,72.79977756651508,14.322350287051167,0,64.95820168992329,76.95142149067227
269,Brandy Ramos,Female,Medium,75.65370288643045,24.18046587605219,0,69.18477326898355,93.26591987515873
270,Laura Small,Male,Medium,82.20636644533057,23.456550602971344,5,63.476764835383364,86.49509856457468
271,Stanley Jones,Female,Medium,67.82068924410281,21.045690604535885,2,61.12771435886448,75.35661327847504
272,Thomas Coleman,Male,Medium,80.8158187607748,12.538436176637106,1,61.24291920838388,79.65236432340747
273,Ernest Vargas,Male,Low,50.05116530509793,10.417957751525991,4,50.0,54.12769223659827
274,James Hines,Male,Low,45.09245674476024,18.065488499895917,4,50.0,53.13419839496057
275,Jennifer Hill,Male,High,87.31051737131635,25.708584568199523,2,65.14174871114815,99.0
276,Robert Khan,Female,Low,50.99529847786735,23.596647699908473,3,55.79373282956503,74.80321002588963
277,Stacey Perry,Female,High,81.99891561420603,26.96658919697186,2,64.51205964841344,99.0
278,Brittany Ortiz,Male,Low,50.349010424950094,12.960245582450158,3,55.66312500909212,56.288825683528046
279,Rebecca Jordan,Female,Medium,73.0734320156912,16.454417678987493,3,68.6259129285395,80.83273675520286
280,Jesse Ruiz,Female,Low,50.56758672625624,12.66770452391141,0,50.0,51.119764767914894
281,Craig Torres,Female,Medium,78.31065337260523,17.23765081809728,5,53.22435347664345,75.62690576957228
282,Joy Henderson,Male,Low,57.93008408072676,15.540543383442952,5,56.94109403047372,50.64109617851847
283,April Marshall,Female,Medium,68.81092250586576,22.78351158397292,0,60.18834468860318,87.30336453720945
284,Haley Ramos,Male,Low,60.665166873281336,8.070052697460252,5,50.0,43.64266387405554
285,Janet Brown,Female,Medium,65.23956100238749,11.34383523221111,4,66.62060893251896,75.21170850150901
286,Pamela Perry,Female,High,84.24107452482208,15.818973134483517,3,81.83390509282596,89.0787686293246
287,Phillip Mejia,Male,High,87.94158603242288,27.539956634562717,3,71.48461113955504,99.0
288,Edward Taylor,Male,Low,51.40495933867516,6.483166969130632,0,50.0,45.2031145680043
289,Jason Smith,Female,High,81.88650240089703,14.235547035237586,0,94.22369861698508,91.66417261812906
290,Caitlin Hernandez,Female,High,83.95938874821363,26.942893022654822,3,91.3889966379758,99.0
291,Timothy Brown,Male,Medium,72.53499532670584,30.464997587163953,4,71.78858050781795,82.66952610494906
292,James Marshall,Male,High,82.05317621527894,24.969645442300532,5,70.85318142565023,99.0
293,Anthony Herrera,Female,Low,54.24801048510513,16.19245387225821,2,50.0,61.82026624626044
294,Gary Beard,Female,Low,51.785077429825236,12.409146792737825,3,50.0,48.06989888392941
295,Carrie Olson,Female,Low,46.53545202369673,11.505551734044287,4,52.22514105265758,45.71182324088292
296,Jeffrey Flores,Female,High,89.49799937716625,29.595382414938843,2,80.18398220888683,99.0
297,Jimmy Walker,Female,High,86.53649760438304,23.548627279056742,5,84.01598592946429,95.85021315574693
298,Kevin Pratt,Female,High,89.06431059419481,26.336961570359513,2,82.50450092536138,99.0
299,Ashley Taylor,Male,Medium,78.14814420961807,19.608489030980067,0,54.96919698240182,86.9667763275675
300,Ariana Baker,Female,Low,45.85502494538964,8.659547731784755,5,55.51947617722918,49.58207449089588
301,David Campbell,Female,Low,47.19909479901515,16.960211747682614,1,50.0,54.0422641341432
302,Jennifer Chen,Female,High,88.7364680256163,24.125201216522957,1,74.16028728047648,99.0
303,Jesse Montgomery,Female,Medium,78.05185132716733,14.221274202535776,0,72.50200206251695,74.90810677446356
304,Kristina Graham,Male,Low,49.89549203017926,14.682549217852017,0,74.95667489783965,70.56836533495904
305,Joshua Gutierrez,Male,High,85.58663691654391,20.507660091044812,1,100.0,99.0
306,Gary Salazar,Female,Low,56.388324478942124,12.140905786845641,3,55.06723059136183,59.804616907309885
307,Nicholas Martin,Female,High,82.04214305582084,24.95440501677898,1,76.16803381279612,99.0
308,William Levy,Male,Low,52.73548690585019,17.42947782915789,3,54.345056484805504,70.61902572710805
309,Shelby Lewis,Male,Medium,73.98903673783053,20.373491164399763,2,74.87655425873837,85.50520200697456
310,Matthew Jones,Male,High,83.9115939838639,24.87486520627428,4,68.79332374442808,91.14310233729911
311,James Warren,Female,Medium,80.49388425993595,22.088831496001436,5,77.95211355912322,91.8371551310746
312,Tammy Key,Male,Medium,79.12708174494014,24.951037745086566,4,64.30070759191402,99.0
313,Jody Cohen,Male,High,89.06754818000319,27.789051531759313,2,80.97743089091394,99.0
314,Teresa Reynolds,Male,Low,56.52739403577164,12.051763099216902,0,61.659242520544616,58.7635322560624
315,Michael Anderson MD,Male,Low,50.105019208163796,5.440818838249202,4,51.21586610614456,47.01798031151519
316,Brandon Figueroa,Male,Low,53.40976485647482,6.674431684623137,2,59.38940500469612,50.920521220517834
317,Paul Christian,Female,High,83.44866621703272,23.47387647822666,4,65.82746813453076,89.38484079915774
318,Casey Hess,Female,High,86.62083176244221,21.952438989203586,0,74.4169824605397,99.0
319,Matthew Massey,Female,Medium,74.34928472816158,17.06514348507277,4,50.99845767028305,85.11762698452317
320,Anthony Hamilton,Male,Medium,75.48497982496359,18.283249624485535,2,70.39501230620226,83.2330524663483
321,Virginia Solis,Male,High,87.97578512718457,27.648463771783653,2,83.78936503512114,99.0
322,Crystal Compton,Female,Medium,70.90889658383264,17.647506109704544,3,68.57772866151886,70.8690819383668
323,Jessica Watkins,Female,Medium,85.4619363784273,20.43250821913101,1,84.74492433347538,94.91714162047666
324,Tammy Walker,Male,Medium,69.96991309250149,18.3223720740506,0,69.94403981170953,86.47741038595547
325,Cheyenne Chavez,Female,Medium,68.92905693606134,8.122667168230643,1,74.68741655592513,71.60088707555575
326,Brandi Huber DDS,Male,High,90.79055436750033,20.303323030906228,1,67.08299123860685,95.29308755107539
327,Lisa Taylor,Male,Medium,78.95831346981468,17.279562221391924,5,56.129002975255986,73.71114268722644
328,Ruth Benjamin,Male,Medium,78.12059908526078,11.951526285794461,4,68.95537757565778,68.81586628616455
329,Andrew Hernandez,Female,Medium,78.1417275463214,20.999643649981024,1,76.49102110743144,93.07732636235964
330,Mariah Jackson MD,Male,Medium,74.93876613576543,25.65375416171849,5,57.060330523358175,89.94696871230374
331,Barbara Cortez,Female,Medium,70.51372814257084,24.093809258486584,0,69.28400748141934,80.17461567818437
332,Kathryn Valdez,Female,Low,50.379022790968634,10.932785645348961,1,50.0,60.72014678170963
333,Melissa Abbott,Female,High,81.61419144243945,32.45363068424976,0,76.42970799193391,99.0
334,Kelly Roth,Male,High,89.87559866708875,25.743337286010558,0,88.90383163519786,99.0
335,Shawn Wright,Male,High,84.2647130924893,23.314570144409803,3,79.75205016106567,92.39834571618161
336,Brian Chavez,Male,Medium,70.87251401603744,14.9329866822953,1,73.00665721381209,70.84146601223577
337,Karen Johnston,Female,Medium,73.39307079173503,16.487651567559357,5,60.49773687180961,74.04688471047163
338,Sarah Thomas,Male,High,87.06465727137812,23.059115907293858,0,80.07063158628176,99.0
339,Shawn Randolph,Female,Medium,72.18137723598012,18.85208111187744,2,59.39678860526553,87.29588892485944
340,Yvonne Garcia,Male,Low,45.888898022167844,12.802869905249324,1,59.98828420202535,59.74588292484959
341,Meagan Richardson,Male,Low,51.21843605745956,12.015230100767072,0,59.2097294438939,56.45516299301232
342,Mary Bryant,Male,Low,51.22483285554361,14.18469084873175,2,55.920188479927994,53.15577266634448
343,Richard Smith,Male,High,82.46528412314436,30.953231373931708,2,70.7396515733242,99.0
344,Nicholas Wheeler,Female,High,82.64480847190839,29.747770677206617,5,50.0,91.43172107265772
345,Geoffrey Jackson,Female,Medium,76.16024968678818,10.575510157750482,5,70.97152711753695,80.08851297313855
346,Travis Rogers,Male,High,77.75957829251338,12.230394325490225,5,65.21162543991596,76.42186889153588
347,Angela Johnson,Male,Low,42.962681128117225,16.67159955619637,2,50.0,64.14390228177179
348,Miranda Nelson,Male,High,81.40777889373783,18.165606507922895,5,76.93478911913994,93.33693255304098
349,Cheryl Meyer,Male,Low,48.932764241440765,10.876172990536583,2,50.0,50.93953583800791
350,Derrick Avery,Female,High,86.55453782799002,19.149434869703203,2,86.59936384046622,94.98396426784907
351,Amy Brown,Male,Low,57.37678108474776,2.9900978120999007,5,51.17005949576698,42.68530827041869
352,Michael Huber,Male,Medium,79.2882981160101,20.70731364102394,3,70.83569323200477,88.45638704711038
353,Diamond Sullivan,Male,High,84.20030735018287,28.795775801513233,4,58.340442887994655,99.0
354,Lawrence Maldonado,Female,Low,49.904918960486555,9.117447996366403,0,67.11943985386401,53.06968009564998
355,Dawn Miles,Female,Low,44.987353176810956,0.0,4,50.0,35.16678421913622
356,Matthew Schroeder,Male,Low,49.90743432003805,9.268777758737587,3,50.0,49.97839218709608
357,Leslie Weiss,Female,High,83.5567068053993,26.959020027012734,4,73.43388467342251,90.1600016845277
358,Danielle Jensen,Female,Medium,76.61359280169044,10.605442156129357,4,50.0,68.6628082819749
359,Frederick Garcia,Male,Low,45.86384528223839,12.916799598895778,3,53.08652811480671,48.37304994242827
360,Reginald Clark,Male,Medium,77.59673257120586,17.923450754135022,0,59.706284918179286,74.69205739286943
361,Tara Woods,Female,High,92.66369456501289,27.896457498005443,4,58.47329714156466,92.64649423052752
362,Jessica Adams,Female,Low,49.45619925771571,12.597901842070765,2,50.0,44.930499424231755
363,Charles Nash,Female,Medium,77.0085586104947,13.134655295592221,1,79.12688374989925,73.02583740831687
364,William Allen,Male,Low,53.45071995855556,17.982857508322457,2,50.0,58.414612205256724
365,Teresa Gallegos,Male,High,82.99389764057082,24.20735213486515,1,93.337277099165,99.0
366,Joseph Lopez,Female,Medium,76.12046240905208,17.86347730245034,1,62.64198536947703,77.54755495792833
367,Jacqueline Nelson,Male,Low,50.06296200390897,7.33366020463402,4,50.0,47.71432757846457
368,Mrs. Dana Clark,Male,Low,50.488380492744156,9.783588744042449,0,50.0,53.938065622480245
369,Tracy Curtis,Male,Low,46.134951080722665,7.5759864298654955,0,67.35811620006939,53.407924939227726
370,Leah Page,Male,Low,50.12255087129471,11.135269700382885,4,50.0,51.02412668534738
371,Valerie Saunders,Female,High,87.48999145622724,33.558542400711715,1,72.51712703509399,99.0
372,Evan Adams,Male,Medium,82.2557180389752,11.140494285343218,4,63.60018225852788,80.60557277695636
373,Suzanne Tran,Male,High,89.79635413042604,16.932193010616295,0,85.01782736167544,99.0
374,Perry Duncan,Female,Low,60.76591228755778,19.355851637468042,0,66.1739881590246,63.97228985707872
375,Ruben Stewart,Male,High,81.16326218555976,23.95338161424067,5,84.48499229892926,93.93471754655958
376,Emily Anderson,Male,Medium,79.36160318360339,14.654636306700418,4,58.40231354210914,73.45184719222956
377,Hannah Tucker,Female,High,85.91671002869175,30.19952343698038,0,66.73952313917962,99.0
378,Patricia Michael,Female,Medium,85.94901466608836,14.97192230131568,5,55.865348388767245,79.13534491192367
379,Nicholas Hunt,Male,Medium,70.95850857322424,27.130048567734683,5,62.60280506582886,83.57894221828691
380,Jacqueline Hunt,Male,Medium,70.80139078909612,21.389629356696346,0,60.36241073789389,92.92211510407525
381,Brandi Alexander,Female,Low,47.003036772779886,9.560442959271487,4,50.0,54.226489231955725
382,Charles Rodriguez,Female,High,74.38052137845096,35.786541066327516,4,75.43787881549885,99.0
383,Jerome Torres,Male,Medium,72.3712248915962,14.971425384983307,2,65.5134764842955,80.70317468050577
384,Richard Holmes,Male,Low,46.20433669223151,15.710476860046535,4,50.0,60.86380903073499
385,Paul Allen,Female,High,85.75196893238103,26.49646290203246,2,68.41504665299931,97.80131961099994
386,Alex Ellis,Female,Low,51.7087798788858,18.50870644699399,5,50.0,56.31287346523729
387,Bailey Martinez,Female,Low,59.38085419607943,19.807555983634263,0,50.0,67.91212417364113
388,Holly Pierce,Male,High,89.75211919093024,25.160020745328833,4,80.90198411124787,99.0
389,Christopher Hart,Female,Medium,72.11548172168798,14.232910648269083,5,70.35249334723753,75.22673546403645
390,Willie Rich,Male,Low,45.50792664325821,14.299860714695582,5,50.0,44.978021103983
391,Ethan Smith,Female,Low,52.45959585753253,8.61142315123947,3,50.0,45.80342390474616
392,April Nixon,Female,Low,43.39883396489679,22.066936237633115,3,50.0,61.96999275314656
393,Jesse Williams,Male,High,94.15729382927177,25.682676655413687,0,73.49976065593101,99.0
394,Lisa Douglas MD,Female,Medium,80.89720060360644,16.173392243439455,3,63.165620302096386,89.07934790814787
395,Joseph Huffman,Male,Low,47.65412173947647,12.923401529324542,5,50.0,45.13979081898505
396,Martin Avery,Male,Low,41.434327354545616,5.264368552351518,3,50.0,43.918919413819445
397,Debbie Mills,Male,Medium,81.76936187082707,13.141929807446743,5,50.0,78.42362605890837
398,Jeremy Ramos,Female,Medium,74.42730077373692,24.00206953972213,3,66.07267329398944,98.25245447247214
399,Sergio Huynh,Male,Low,56.18908155986731,8.715528605143021,2,51.6934433703625,50.42031284530749
400,Deborah Schwartz,Male,Low,42.02786170602816,6.765445086590302,0,50.0,47.38682604992063
401,Steven Scott,Female,Medium,72.00312488523113,20.68326376263643,3,65.76820872139398,84.70043087166759
402,Todd Martin,Female,Medium,75.02621849859092,23.928520773314986,4,56.533199154127345,84.66208073141901
403,Thomas Morrison,Male,Low,50.23490296882371,15.594766553325334,1,50.283448896739465,57.898489714345196
404,George Davis,Female,High,82.74967264260378,29.980238429029082,3,90.73452090298537,99.0
405,Matthew Daniels,Male,Low,53.114249661737496,8.216024557152696,3,62.40461051790348,40.66508206255085
406,Mikayla Rivera,Male,Medium,69.66189785308703,10.89094666629078,3,51.004187630724026,68.14549888031411
407,Frederick Moore,Female,High,84.28810257489353,32.506668259777435,1,86.29732417879174,99.0
408,Richard Luna,Female,Low,50.601478158559495,10.386600805789321,1,61.11396554491592,54.426327409954425
409,Hannah Campos,Male,High,87.57219417029374,23.745834917724764,2,64.51736711247382,99.0
410,Alex Horn,Male,High,88.55807439044445,31.640970709245288,3,82.1877764375486,99.0
411,Brianna Berg,Male,Medium,69.37678954081065,20.7811500470033,4,77.37931918412554,81.88651168264073
412,Kevin Gallegos,Female,High,77.32942914632189,27.27943886040804,4,60.774551937555856,99.0
413,Mr. Collin Garrett,Female,High,91.38838410949255,35.825011724505416,3,64.82497178985736,99.0
414,Sean Pierce,Female,Low,51.66157005989796,8.782408848099285,5,55.17661466843502,47.50592662752614
415,Wendy Mccall,Female,High,81.25756731721724,29.639200640406187,3,76.71495310825648,99.0
416,Jeffrey Brown,Male,Low,57.75575987761262,12.285065624485423,3,54.514762752395235,61.90248393679388
417,Evan Montgomery,Male,Low,50.57837317146429,13.342961394316285,1,56.40589216400497,58.70368312773332
418,Joseph Lloyd,Male,Medium,80.89648592031914,25.64234213206266,5,63.90695920928144,83.33836595362597
419,Carrie Krause,Male,Medium,75.33759240705055,20.53917878144812,2,52.73527871688917,76.94179229998878
420,Kimberly Williams,Female,Low,60.303739624409936,14.691480395248165,4,57.473177066214475,58.95645327786506
421,Gina Bush,Female,Medium,83.77670421221602,23.36253668654901,5,71.69589992427774,90.16839045991331
422,William Ball,Male,High,83.75517925760464,23.175236352285573,4,69.70609255931973,97.35340138672962
423,Nicholas Massey,Male,High,89.85785475477178,20.803951663304968,2,75.56523050186138,99.0
424,Brianna Lopez,Female,High,88.22687974792574,19.775954029894834,1,62.688924974442784,83.44851545713492
425,Joseph Reid,Female,High,91.84315778766174,15.16821705311999,3,79.14254756017834,97.50159278466647
426,Steven Hoffman,Male,High,80.17538269709948,35.28103564970161,3,79.72057441714144,99.0
427,Jessica Johnson,Female,Medium,78.43025729999219,12.483958171391585,0,69.37808983000689,84.08893991263838
428,Donna Barron,Male,Medium,80.29212243424794,16.89373188207114,2,77.24353359870503,86.7833789482494
429,Amanda Bradley,Male,Low,41.20630256788443,10.615933500555396,3,50.0,53.22825601649906
430,Tiffany Baxter,Female,Low,44.083707436671126,13.537033489045504,4,52.646059258936006,55.004467496454495
431,Paul Monroe,Female,Low,39.803839111199494,16.078686062696484,3,50.0,60.44708770072931
432,David Cisneros,Female,Medium,73.65296582777721,22.302367441798726,5,59.76447849125762,84.26462398873554
433,Brandon Pitts,Female,High,88.58771127897981,22.08461280715531,3,72.25645742097164,96.62398087425527
434,Richard Wells,Female,Low,57.51178526048014,11.164391431067942,5,50.0,65.264157423708
435,Crystal King,Male,Medium,75.37047390209888,19.412899752441497,1,64.30473071166641,86.68027408866874
436,Patrick Ibarra,Male,Medium,83.14307772785646,16.756544369082263,0,68.68527404328333,86.83938865204837
437,Gabrielle Hernandez,Female,High,78.09949270892554,33.03672788009996,3,82.26047171441506,99.0
438,Jennifer Mckay,Male,Low,41.48308780322422,14.454874758191256,4,50.0,45.49754674380151
439,Robert Mann,Female,High,84.72226150551691,28.674388930249087,1,61.93422899261321,99.0
440,Sharon Wright,Male,High,86.92032724469654,28.314406343337062,5,87.4958390420542,99.0
441,Mr. Drew Roy PhD,Female,Low,49.836526259529535,17.867369287426627,5,58.81454078690487,58.44920305975364
442,Brittany Walker,Male,Medium,64.66278949980062,18.905107793518535,4,50.0,72.25615865020279
443,Linda Proctor,Male,Low,49.55439980243606,5.5158402602207675,3,55.897078052451945,54.65302628919291
444,Omar Williams,Female,Low,43.47765249747573,13.998439758763208,1,50.0,57.166201082257636
445,Tiffany Mosley,Male,Low,53.348362744150194,8.743215531040855,0,57.634872153310596,48.41662283213859
446,Heather Mccullough,Male,High,86.83299123048424,22.356916591251217,2,78.94224129013493,98.68662465302091
447,Joel Ayala,Male,High,80.30060106836322,27.931820093775467,4,69.65592199683678,95.51036873466407
448,Brittany Snow,Female,Low,47.43066541331653,18.19141535716818,1,50.0,58.363465011885616
449,Stephanie Hughes,Male,High,79.70393239055524,25.106357883680307,2,69.0945894768374,94.66950093154146
450,Dennis Delgado,Male,High,84.68660451363414,26.544165062994818,3,64.83808084518758,96.29083622158367
451,Johnny Wilson,Male,Low,54.77571160250619,20.51107472317619,2,50.0,59.24789744894693
452,Brianna Guerra,Male,High,80.07136976832228,26.203765897442842,0,79.32821709950645,99.0
453,Tim Nelson,Male,High,87.52023257758923,36.0,4,64.84240010889248,99.0
454,Angela Merritt,Female,High,82.3487119081378,27.82754822815772,1,84.8205206571262,91.63145538417089
455,Charlotte Hart,Male,Low,46.03563583868828,3.1961862042209113,4,61.87246155335927,54.07627636905651
456,Lisa Garcia,Female,Low,49.46484820022721,15.766708105522662,4,50.0,62.149837277801446
457,Jermaine Chan,Male,High,79.82378838790314,26.90579192441389,5,72.39404500535377,96.55317554143907
458,Lawrence Rowe,Male,Medium,72.23175347326409,24.448763770413727,2,70.99685110302934,88.62436849341391
459,Diana Parrish,Female,Low,44.010610537055754,15.365906756349792,3,53.72002270919275,49.80106739861207
460,Anthony Romero,Male,Medium,84.82362566458195,17.307720080081133,2,66.75955267916088,92.20519455473273
461,Catherine Graham,Female,Medium,75.17631775985865,11.878508818553172,1,75.42682418359722,85.939228415152
462,Loretta Fernandez,Male,High,81.50137246003708,23.954883713569874,1,82.82248952680658,99.0
463,William Davis,Female,Medium,76.0698995536711,13.7473977289535,1,55.62337577672702,78.22950305015748
464,Phillip Perez II,Female,High,84.43835975154585,22.097382750976386,3,82.69156064389273,99.0
465,Amanda Young,Male,Medium,73.89515200233389,20.94289202210305,4,70.87290837266742,77.26777654487779
466,Carol Walker,Male,Medium,78.07083350021712,26.34952252175703,3,56.367138958214184,86.19878526884125
467,Gary Wallace,Female,Medium,78.78753855023652,19.973357649114906,0,70.37937835447602,87.25649793923509
468,Candace Hernandez,Female,Low,47.34749426194736,6.020584689824078,0,61.833289928110695,47.44094771728382
469,Connor Johnson,Female,High,82.1209087967766,27.223013341100703,1,75.90686180420639,99.0
470,Mark Herrera,Female,Low,48.62474151424178,17.983157433228257,0,65.72978047766011,65.29162188132308
471,Micheal Martin,Female,Medium,63.49039417632208,14.951085478403089,1,91.6387249461936,79.92468523914332
472,Cheryl Phillips,Female,Low,42.42404468900724,11.329914166635412,1,50.0,50.32680732805281
473,Eric Carpenter,Female,High,91.83437133722262,25.073440973645987,0,66.18955396846225,96.3757185618199
474,Christopher Hart,Male,Medium,83.22483856750642,14.0755084345888,1,71.03818595604876,77.40692058968408
475,Michael Lopez,Female,High,83.75481980221811,28.241402169219295,2,83.21562505126144,99.0
476,Tracy Lin,Male,Low,52.88278481527883,11.395259256961092,3,50.0,58.216502782895844
477,Sandra Williams,Male,Low,51.55625077271768,14.097662219535138,2,65.53260663321035,50.671242253290714
478,Shannon Jackson,Male,Medium,90.3944040422762,13.5625391109895,0,56.613942002767516,85.18494286751276
479,Jimmy Hunter,Female,Low,55.59787455717289,9.812708498382948,3,55.92918623031611,61.224902876337744
480,Brenda Barr,Male,Medium,74.36041204259617,21.611906789138857,3,57.94139179241107,80.0499675668153
481,Alexa Spears,Male,Low,45.22229779699787,10.135834239541165,2,68.19377906207296,41.694368485733946
482,Kimberly Carter,Female,Medium,66.96776839871214,26.634819256167027,4,81.92515353168119,89.5198837165532
483,Robin Owens,Male,High,86.01731817933612,23.001819071926988,0,72.33343412216652,98.3882195882527
484,Andrea Martin,Male,High,81.21824627357849,26.12342362875943,0,74.5044286409142,96.1337443565724
485,Renee Perez,Male,Medium,67.88873145201163,22.662954159365448,2,74.59587886979801,83.15370926394138
486,Beth Gibson,Female,Low,46.76713557878737,4.908171335334842,2,50.0,51.24763582823352
487,Michelle Cole,Male,Low,44.592259981928024,3.1959559400961197,3,50.0,43.49668693239526
488,Michael Holland,Male,Medium,83.43570817536282,10.371718427149526,1,68.2538842054241,71.1736900724613
489,Albert Cunningham,Male,Low,54.408198784747256,18.31292051713591,4,50.0,53.750788286484834
490,Michael Stewart,Female,Low,49.960136793416915,9.240709270537767,1,52.86162253905763,49.79630601568052
491,Katherine Robinson,Male,Low,57.39972069445013,24.79099642834126,5,50.0,69.14180009503737
492,Cory Parks,Male,Medium,75.38684153823809,15.178762006713058,1,63.06877177600228,79.27087849296817
493,Cheryl Mendoza,Male,Low,45.693578993358685,12.922756515985185,5,59.43632003468814,51.43905186409384
494,Mary Davenport,Female,Low,57.61562038634828,19.710549762839378,5,50.0,66.75640574675587
495,Megan Pacheco,Male,High,87.69455021842329,35.03046444079561,5,78.13205186747977,99.0
496,Linda Cooper,Female,High,79.81376922836772,35.30751788318199,5,67.21037069668192,99.0
497,Bethany Ortiz,Female,Low,49.04830660958196,18.041831152965713,2,50.0,60.02907749073777
498,Mr. Michael Gonzalez,Female,High,80.62190873307621,30.120312629057313,3,81.90371896051711,99.0
499,Jeremy Pierce,Male,Medium,68.08600134517832,20.962634746005914,0,73.4005129456889,82.62635044608574
500,Dr. Maria Martinez,Male,Low,54.630887737658206,15.891805380833189,5,50.70612997219531,64.53756510598242
501,Cynthia Leonard,Male,High,94.54708320235065,22.244071418357333,0,89.68184660532862,99.0
502,Charles Stevens,Male,Medium,68.00716213090429,13.909005582888465,3,60.686916168166775,70.82585994727783
503,Theresa Hoffman,Female,Low,52.81484618345286,11.98312771294524,0,50.0,55.761681238320854
504,Dennis Gilbert MD,Female,Low,46.746787154390866,11.149076887375358,0,50.0,49.56868616254912
505,Colton Brown,Female,Low,47.56437308117652,9.733859753363625,2,50.0,42.84405319708645
506,Kendra Dorsey,Male,Low,47.03803037880566,15.481937237283576,0,84.49094425308725,69.35569263027708
507,Kathleen Vargas,Male,Low,45.68004615160092,16.776526042852552,2,63.44679580736786,61.13286859499687
508,James Ayala,Female,High,85.24260813972414,25.442034431459238,1,64.48925633791978,99.0
509,Lisa Tran,Male,High,80.84524941794481,32.38765040527631,0,66.7754204325643,99.0
510,Robin Ochoa,Male,High,86.3522841288992,19.291554429332475,0,84.81866061718492,99.0
511,Thomas Lee,Male,Medium,74.74880945275432,17.03170270360141,5,65.47264797377967,73.09549251149811
512,David Evans,Male,High,83.80525976566796,21.415888396985977,5,75.48883835317365,99.0
513,John Wheeler,Female,Medium,70.462181689792,8.6673169146347,1,65.45044206446302,58.98260304367604
514,Katrina Campbell,Male,Low,47.116143347158335,11.586596570786504,4,50.0,52.92422354659159
515,Judith Ward,Female,Low,53.77695612912878,11.391262458083583,3,52.27879524159357,56.741089386463
516,Kevin Lee,Female,High,87.5045859381219,32.567248716210656,2,76.85893006293331,99.0
517,Cameron Martin,Female,High,80.11222377600724,28.154058422773886,2,53.80699627252465,98.093828188794
518,Joshua Jones,Male,Low,50.49666152714613,6.879065878353975,1,50.70200369424806,54.56173812195844
519,Seth Porter,Female,Low,53.75693561685895,21.27046283167094,2,50.0,54.94323544797838
520,Rachel Blanchard,Female,High,76.65297359439315,31.105168477626766,5,71.75211418908512,99.0
521,Derek Wilson,Male,High,87.71680096189968,27.91048851734308,1,100.0,99.0
522,William Yu,Male,High,81.68688120527077,23.86757950575084,3,77.67481665474304,93.28996886781619
523,Denise Williams,Female,High,87.8529933429658,20.202803816382602,1,74.86470313827603,99.0
524,Dana Turner,Female,Low,46.18370421728741,10.138966119644735,3,58.21801501977252,48.69673536946013
525,Sarah Hansen,Female,Medium,65.9755894966774,23.44374309852093,1,72.82687887209212,80.00139135647885
526,Brian Anderson,Female,Low,41.862287810584185,21.422931529673043,5,50.0,58.96274431491791
527,Joseph Rich,Female,Medium,75.24042473330691,25.716217641360945,4,68.06850593215671,99.0
528,David Gomez,Female,Low,51.29861250860741,9.555752891068629,3,69.56543564829542,47.19756793118381
529,Tyrone Short,Male,Low,45.47841687447796,6.401912833554944,5,50.0,38.11711259186039
530,Andrea Christian,Male,Medium,78.19296229388686,18.70443123455602,3,68.73632076811454,90.33055704535447
531,Daniel Padilla,Male,Low,41.6923996886552,3.1578031721857425,1,50.0,49.25483539977364
532,Julie Walker,Male,Medium,74.66960100676341,19.615838570923906,1,73.55512646342248,84.45622850538938
533,Mary Cooper,Female,Medium,68.94491900118771,17.261987068506656,4,52.81313488513906,65.94102903559157
534,Austin Hunter,Male,High,81.7408194609892,22.66981749065879,1,73.82633186394915,99.0
535,Hayley Hayes,Male,Low,50.23699335658207,4.0264846636660225,0,52.049100857620935,53.513521155064325
536,Glen Bowman,Male,Medium,70.69793317358024,20.568000532848583,1,77.7581671934471,89.1829590056957
537,Andrew Donovan,Female,Low,48.077222278850876,9.336495801690443,5,54.184544439424144,45.12803546070903
538,Edwin Ashley,Female,High,90.0314640460722,19.15041582144856,5,57.542826235536154,88.51078577063781
539,Jorge Jones,Male,Medium,72.11554065238425,3.6386889335917534,2,66.5493411099985,61.375644909039195
540,Cassandra Smith,Male,Medium,79.1784605603257,17.862425474746818,5,52.904201452508275,78.13181175265683
541,Jesse Christensen,Male,Low,44.35146572671191,20.86125798334872,2,50.0,69.0291030613599
542,Lance Cooley,Female,Medium,77.64902088957642,26.30629607273935,4,59.8298294957563,92.9731976975317
543,Samantha Black,Female,High,92.2078431032895,22.714518717068643,1,74.9151721154418,95.72823095150693
544,Jennifer Allen,Male,High,72.64177749936356,21.988939698191096,3,98.26716486345522,99.0
545,Robert Benson,Male,Low,46.015523722647615,14.343871280375119,2,55.32959825360696,57.78339520165706
546,Regina Decker,Female,High,87.8853606359027,20.008072804058543,2,62.22382499245762,95.2663080962632
547,Christine Ramirez,Female,Low,48.984773069785035,13.50895949909733,1,50.0,62.63736492322383
548,Julia Jones,Male,High,86.85572936685655,28.830401391923452,0,90.21383295429399,99.0
549,Kristin Jones,Male,High,81.9800740664209,31.13466611942154,0,100.0,99.0
550,Dr. Gregory Roberts,Male,Medium,75.4329489373645,17.499229617600236,3,50.0,72.01498235927001
551,James Ramos,Male,Low,49.221613823039604,10.981631249115171,5,50.0,42.52730590132677
552,Judy Dennis,Male,Medium,80.83891030829903,13.610087066217194,5,78.70965175371782,81.51411401692019
553,Megan Houston,Male,Medium,76.27210421650607,13.8655982298007,4,65.89614177370903,87.4741848523981
554,Jacob Chavez,Male,High,86.68801331037601,23.867605540492367,1,69.31707268123634,89.41106505458336
555,Dean Stuart,Male,High,82.94061516938767,26.83682753408089,0,85.34629086122435,99.0
556,Kelly Bell,Female,Medium,72.56196887963753,22.567923131166246,2,50.0,83.30900998462837
557,Lindsay Gonzalez,Male,Low,47.8372090609019,7.984105246598276,0,55.03375506597161,50.84132744835108
558,Elizabeth Miller,Male,Medium,76.97226071189148,25.46344284479761,3,67.27821172843085,89.46285895446428
559,Richard Delacruz,Female,Medium,72.89507759589868,16.644381994787157,0,79.2427013953783,76.40801803348843
560,Jessica Weeks,Male,Medium,76.44887428448206,17.89316352825782,5,50.0,75.71527966240302
561,Dennis Craig,Female,Low,60.37700399322719,8.263941604260882,4,50.0,48.28371163732431
562,Brittany Thomas,Female,Low,54.35562351715846,0.0,0,50.0,30.79264088197062
563,Nancy Davis,Female,Low,48.369882339160796,16.42022698180525,0,57.55383755674317,67.29133768342223
564,Kendra Bryant,Male,Medium,81.00606961081972,21.684219485462165,1,59.04653677636976,90.42938135900363
565,Laura Potter,Male,Low,47.95962313489224,10.593362214408932,2,50.0,51.15418879550302
566,Toni Crawford,Female,High,74.80937732411073,25.33495358612436,3,64.04184605209771,94.18362248965136
567,Ann Brewer,Female,Medium,69.95956844541298,20.579696088520496,5,66.51136241823657,85.50446147343858
568,Erin Olson,Female,Medium,65.64604039487072,10.187270715567287,0,78.58451116656666,73.18019265048945
569,Brian Miranda,Female,Medium,73.24243257979346,15.354736613268527,0,67.65379430042586,82.53888303177393
570,Adam Taylor,Female,Low,50.09209189594776,15.971323398109135,1,53.382379949600285,58.22972781662091
571,Deborah Morris,Male,Medium,83.38218656137641,11.728552884153753,3,50.0,77.48705677840479
572,Marcus Davis,Male,Medium,76.63463686882082,19.467789660833148,1,65.00323351993212,84.62010102617116
573,William West,Female,Medium,73.90449735595568,11.217090976882975,1,67.49795382958256,73.74195398154598
574,Julie Parker,Male,High,89.14702790591744,27.332149912167633,5,96.20793091029975,99.0
575,Deanna Rubio,Female,Low,38.944323454960575,11.821792588512583,0,50.0,51.19865975970788
576,Kevin Brown,Female,Low,51.17807279054283,3.924340920472453,0,69.64177238752437,46.91319534956913
577,Sandy Williams,Male,Medium,78.85432596943484,23.823696772285857,4,71.96858773465809,86.52932920227192
578,Sheena Lane DDS,Male,Low,42.60706877110079,8.327042116009753,4,50.0,40.95839990607141
579,Wendy Phillips,Male,High,90.71877021603464,20.948737814928094,1,95.58620484195134,99.0
580,Stephen Moody,Female,High,86.69248203747208,26.002845986154714,0,83.72105472606863,99.0
581,Cassandra Ramirez,Female,Medium,72.923560430496,23.743186747143575,3,67.89159195667929,93.18542116571649
582,Bonnie Solomon,Female,High,88.16390933053142,19.920890905108017,0,79.46879346982455,99.0
583,Rachel Norton,Male,High,96.35346428902199,25.30839924923986,5,82.23568882418627,99.0
584,Paige Dunn,Female,High,85.90933127529247,27.144082501652864,0,90.96469233810883,99.0
585,Shane Collins,Female,Low,51.24110293150168,15.465528036315721,0,50.0,52.58753669015906
586,Kelsey Cooper,Male,Low,47.70319550229878,12.882207776386126,2,50.0,50.06145314659754
587,Scott Jordan,Female,Low,45.75077815267604,10.164860804583387,1,50.97019362604343,45.698567397300636
588,Alexandria King,Male,High,89.15167908272123,20.862048896756402,2,67.99961435602353,99.0
589,Paul Brown,Male,High,80.71958087045566,25.430719415231874,2,75.36475425384644,97.43297353210565
590,Darrell Harris,Female,Low,50.35783118609696,6.639304940071965,5,57.37438134684139,53.16450947504765
591,Jennifer Gilmore,Male,Low,47.61171276617441,0.0,2,50.0,41.06528955441236
592,Vanessa Myers,Male,Low,52.39489912873196,14.18279902078834,4,50.0,67.49551223696274
593,Robert Brady,Male,Medium,76.66831052643474,22.519674205430977,2,66.58022734808395,79.26778034581764
594,Brittany Cervantes,Male,High,90.18769972128949,13.185337822290808,5,78.48430882205284,94.23894412081461
595,Amber Bryant,Male,Low,47.44991800572627,6.951346476450312,1,50.0,52.553787326034524
596,Sarah Chambers,Female,Low,48.65062532353314,15.09577130502599,1,50.0,52.20828150530927
597,Elizabeth Faulkner,Female,Low,45.106181421088465,22.287477348558493,3,51.11283692279473,68.6569631459098
598,Victoria Jenkins,Female,High,82.77853369961944,25.10396853837704,1,90.00078956426862,99.0
599,Alan Clark,Male,Low,51.88650246522426,8.359985293854328,2,50.0,48.64920203894786
600,Bryan Green,Female,Medium,78.78494308322676,17.0855177944758,3,50.0,71.39692115180168
601,Shannon Shaw,Male,High,80.38917337911187,31.874382095740923,4,78.19711445966136,99.0
602,William Smith,Male,Low,54.3480296005283,8.770179104377323,2,50.0,61.51248724439374
603,Derek Elliott,Female,Medium,81.77818929402476,14.004039966748731,1,56.103333409096386,75.85053779522471
604,Brianna Burke,Male,Medium,77.0671745161185,15.586282389089838,4,55.75654610286776,78.16802251187283
605,Kathleen Lawson,Male,Low,59.38397906279033,7.233356958706438,5,50.0,45.97912306722609
606,Ricky King,Female,Medium,71.13105400448214,18.613351579973976,5,53.952553354617876,70.5749447730388
607,Lori Sherman,Female,High,78.77672648344291,33.1233922923478,2,53.944339429009304,99.0
608,Victoria Campbell,Female,High,76.10639875547861,26.615396365580146,5,78.97066196887133,91.82435267379135
609,Ryan Carter,Male,Low,57.480221557445915,10.738232489368562,4,59.74875041278722,54.72652389453045
610,Christine Cabrera MD,Female,Low,53.27182828177029,10.540943655422279,1,59.51521991339506,56.48256672859453
611,Amber Mccarthy,Female,Medium,74.72207664544773,10.184045956516716,0,58.62314329575183,70.25349180392496
612,Jeanette Carpenter,Female,Medium,76.3998431315991,22.415548885735795,4,59.98508466052482,82.55865488859925
613,Gregory Chapman,Male,High,79.37255476350812,24.61081401493599,4,71.93478684770542,97.84153368311769
614,Laura Morris DDS,Male,Medium,87.22875989808414,17.09760043204687,3,69.9879438956191,88.36928642546468
615,Barbara Jenkins,Male,High,85.64610590987614,36.0,5,76.68340488718081,99.0
616,Isabella Kennedy,Male,Low,50.546973973024464,13.493764541828432,2,50.0,50.48228799606478
617,Regina Morgan,Male,High,88.62883311949346,21.24104474952408,1,78.8199555641356,97.66599812682297
618,Benjamin Smith,Female,High,87.40504615868356,22.868212018972283,2,80.57280404615241,99.0
619,John Garza,Female,High,86.11942012139566,30.742228545983775,5,84.55822322146767,99.0
620,Samuel Atkins,Female,Low,46.04762772277344,12.566352052688822,0,62.04506539824723,50.247895914404815
621,Justin Andrade,Female,Low,52.35734178567998,4.808610108413166,4,54.89056687375519,47.93783840825535
622,Timothy Richardson,Female,High,94.41012248237517,29.59614467287602,0,80.8382662792936,99.0
623,Joel Vasquez,Male,High,91.7271002307749,21.65927957230503,4,86.10459145203504,99.0
624,Mr. Nathan Ramirez Jr.,Male,Medium,82.96593313319698,27.366488881087726,3,68.09762795959497,99.0
625,Melanie Stephens,Female,Low,47.443921617844076,17.400240328573243,2,50.0,54.118393455080586
626,Angelica Love,Male,Low,45.0519758987071,9.763390521706244,3,63.033699701251905,47.97535366844799
627,Joanna Wolf,Male,Low,49.37106539950176,18.405081808675565,4,53.979032725390276,64.84838305569276
628,Kenneth Ross,Female,High,85.27862456144348,25.339277552637018,3,69.56955978871518,91.17544324830814
629,Isaiah Ayala,Male,Medium,80.47095759235474,22.263868375611096,4,57.20507032600757,80.90277103605229
630,Juan Underwood,Female,Medium,66.5376768514259,20.423664086472375,1,70.96575545140762,84.89539996766825
631,Rebecca Rocha,Male,Low,57.64775159730307,7.768216725045632,3,53.63184795267585,48.79908585633173
632,Brenda Wolfe,Male,Low,49.20996050710505,8.78225083841269,5,50.0,46.54283527288239
633,Amber Berry,Female,High,82.8655946502629,30.149804087905807,4,75.11308673442885,99.0
634,Adam Williams,Female,High,79.93947812369916,23.326123339467294,5,86.9995737457638,99.0
635,Tracy Riley,Female,Low,41.72571664067115,9.981757683790017,3,59.715431522348865,51.41711731499815
636,Glenda Barrera,Female,High,89.11585291980957,20.224387103253235,4,73.90635591265024,93.39190106927259
637,Nathaniel Perez,Female,Low,50.36658983594202,14.117995327967305,2,60.41310580767484,61.06246764658481
638,Jennifer Williams,Female,Low,43.55019550129473,22.312624596215727,3,50.0,62.07656431547798
639,Erika Richardson,Male,Low,43.52460613968192,6.662335428728635,0,58.979270499468086,50.38745416981648
640,Harold Rogers,Male,Low,48.32107650354936,12.12109728336379,4,65.0930634973311,53.91700626506573
641,Christopher Perez,Female,High,93.34510762644696,32.061102777077146,0,77.81954104607627,99.0
642,Brooke Adkins,Female,Medium,73.70204324318198,17.601793043771423,2,57.52366071380915,71.91027820118117
643,Denise Scott MD,Female,Low,42.48428523440947,14.26185898124867,5,50.0,51.432906821231015
644,Alexander Mcconnell,Male,High,83.77128467957027,19.688032359265602,0,69.10366962657612,88.81024927277544
645,Brenda Porter,Male,High,83.63638215126164,27.141535486038244,5,62.15238091872297,91.59987746855748
646,Kristin Garrett,Female,Medium,61.515566785292144,17.064278674977256,4,58.294919014099705,71.86514256759642
647,Joyce Mahoney,Male,High,84.72852566741093,29.928649978399314,5,55.94432980821358,99.0
648,Brenda Stone,Female,High,83.84532734895662,30.936930257823754,5,70.15618333949602,99.0
649,Mr. Christopher Cook,Female,High,88.48103182406709,36.0,4,81.02277173786648,99.0
650,Erin Reeves,Male,Low,59.244780474726724,14.898165866067878,1,50.0,63.11597546335592
651,Rachel Thomas,Male,High,90.63282514773879,26.628981582910832,0,95.19283923641768,99.0
652,Steve Ryan,Male,High,83.65555654722584,25.97192150788668,4,77.10792088527595,99.0
653,Carl Carroll,Male,High,79.46737045629165,23.23416853594656,3,84.30580585624057,94.331423768514
654,Aaron Maddox,Female,High,97.8667990162493,26.692419217308455,3,67.42165446147862,99.0
655,Hannah Jones,Female,High,85.29609217007244,23.522992949304854,3,82.54525227066615,99.0
656,Alexandria Brooks,Female,Medium,75.06964645956474,18.84230488134807,0,59.08066099604687,80.39871507479735
657,Kimberly Kim,Male,High,84.87937456444999,31.5879876780398,2,84.90247500836509,99.0
658,Jordan Duke,Male,Medium,75.99042380383928,12.967287173601793,1,69.71839339793532,77.17488026910587
659,Kari Montgomery,Female,Medium,74.27819794038028,23.699392805645225,3,69.53251219984784,98.57295939986695
660,Anthony Torres,Female,Medium,72.13168996559882,24.58557533669933,1,56.24405394375148,82.92838622961925
661,Paul Chambers,Female,Medium,72.26570529379804,17.409657365044605,5,51.049301577233955,68.97227593946631
662,Peter Patterson,Male,High,84.83623364892001,14.390725504957027,0,85.97228218253385,93.86179151883358
663,Nathan Randall,Male,High,82.28287614433117,21.960890064527838,5,60.51651995775799,91.48306557482613
664,Matthew Harris,Female,Medium,71.43577108661418,24.484972732805545,4,66.63206292099123,91.90957041739176
665,Jennifer Turner,Female,Medium,75.53215113845948,17.88565968850559,1,54.32862193539754,71.18489788266533
666,Jose White,Male,Medium,73.72511391289572,13.003488838525445,0,78.48174212666669,82.2956560722638
667,Linda Garcia,Female,Medium,82.51996494291345,15.476125393858913,4,50.0,77.53144675605338
668,Eric Cantrell,Male,Medium,61.74515095803494,22.203100132522763,2,71.52299937679523,81.08794767057712
669,John Stanley,Female,Medium,80.45753425961232,20.7336678410069,4,68.25630933646,87.23374450359967
670,Daniel Hall,Female,Low,56.23042596248815,10.805339504151528,4,50.0,58.60586519796888
671,Robert Hudson,Female,Low,39.63304883795925,10.165877940926562,2,56.82026567084727,53.45992966569201
672,Jonathan Hicks,Female,Low,48.28656202959826,10.04120925478089,4,50.0,43.64897935720773
673,Kimberly White,Female,High,83.14279567002104,20.387949077507486,2,70.61158143807262,97.0069225262166
674,Barbara Young,Male,High,77.9624415264109,33.07687844734721,4,61.91445315923792,99.0
675,Deanna Smith,Female,Low,46.110916562045624,10.3883976539433,0,50.0,51.274814299627785
676,James Wilson,Male,Low,44.44712077267086,18.085792604127484,5,50.0,57.3477843890298
677,Jessica Garcia,Female,High,93.76135221711812,32.60658025961226,3,58.35197228637945,99.0
678,Evan Saunders,Female,Medium,79.6783919657373,22.9915544907398,2,66.95344199441308,94.50579225904194
679,Adam Warren,Female,Medium,81.3577754749708,15.841898436409759,3,61.365517839177514,78.04445386618723
680,Briana Flynn,Male,Medium,78.60836032021618,20.018650451683047,0,76.79142775438196,82.90542235450486
681,Jennifer Dean,Female,Medium,69.35474114391386,17.879021968045418,2,62.97954500510136,75.1229370409018
682,Lisa Bruce,Male,High,82.37739866860113,20.48149069634936,1,74.70552213652908,95.33387852807078
683,Melissa Horne,Female,Low,52.44687280613959,13.621796408608015,0,62.318707042882956,67.1665908471356
684,Anne Schultz,Female,Low,43.88936095554027,6.104801044200988,4,50.35058029084117,46.002153147253814
685,Anne Hartman,Male,Low,53.56499215086194,17.93839694230782,1,56.16155957182778,60.04786466892727
686,Mark Franco DDS,Male,Medium,73.79837300920933,15.676913513508035,4,66.69267589808527,88.76539777271341
687,Jacob Mason,Male,Medium,73.12589596225202,19.005798279364196,2,50.64427876792894,77.57447650540641
688,Shelly Miller,Female,High,88.55479984101746,26.41643935773071,5,77.56788679986983,99.0
689,Jessica Lee,Male,Low,52.2213165574302,10.705475131479613,4,53.12468794013602,51.91393099490227
690,Jennifer Ramos,Female,Medium,73.1951691709046,20.933469007376374,3,53.83316871423503,81.71497731501124
691,Michelle Sanchez,Female,Medium,80.79664901682123,15.625481716887379,4,59.55919526325799,81.13433876856277
692,Mario Kennedy,Male,High,79.59468336200051,29.35648648728622,2,75.6069271237237,99.0
693,Scott Williams,Female,Medium,78.07967803472133,11.270101598766257,3,62.65503215598267,77.33934430609396
694,Dana Hunter,Male,Low,52.96550628984192,12.63189789773206,1,56.338599665685344,62.10704489328574
695,Danny Walter,Male,Low,48.45226780343005,21.694644995291423,4,61.31366781831184,65.23314780524474
696,Colleen Patrick,Female,Medium,76.63066511121059,12.998343376972127,4,72.81766727672829,73.23684807008897
697,Katherine Bailey,Male,High,78.74443211807349,21.611275147375743,3,60.87780806568594,90.85768299540706
698,Melissa Allen,Male,Low,54.6201350960345,14.569539248294575,3,55.220699903060485,64.06335146899079
699,Mariah Nelson DVM,Male,Medium,74.07548931778506,18.89790890969799,3,77.28933319535409,82.8808828734748
700,Joyce Harrell,Female,Medium,72.38638489740481,19.753150496367795,3,67.86808520689203,86.84461994524281
701,Alexandra Black,Female,High,90.24504612918444,27.445935650738317,4,82.90980425185967,99.0
702,Amy Chandler,Female,Medium,71.4782815472862,21.17360734280885,1,88.12270445700764,85.3548481720203
703,Justin Jackson,Male,High,77.9576935181822,30.548499209781117,0,90.23709546106981,99.0
704,Rachel Mason,Male,Low,42.21685413238048,14.049093284642563,5,50.0,50.54377829999659
705,Alexander Campbell,Male,High,88.0300497567282,23.793711726907286,0,90.45088474084753,99.0
706,Matthew Buchanan,Female,Low,43.597853237518585,15.362868506013656,0,56.44887833096891,55.186411932679235
707,Seth Morales,Male,High,93.77397090992183,34.49940967447608,0,80.23903043284956,99.0
708,John Day,Male,Medium,64.59035296058138,17.33683126808713,4,58.48585764286267,74.30643030638817
709,Jose Armstrong,Male,High,93.48228184145019,20.127353476646793,0,95.63413358832108,99.0
710,Patricia Gonzalez,Male,Medium,76.05508733601309,23.53540334643486,1,59.81571334057999,78.92968533295841
711,Nicole Hernandez,Male,Medium,74.51643444064804,17.398094180232007,5,75.32367724678116,74.20231088443444
712,Sharon Hoffman,Female,Low,47.27540456595525,1.1366522699298187,1,57.99864123740372,43.57878317292803
713,Teresa Cook,Female,Medium,76.99568057176036,22.23710838575211,1,54.006938251980586,72.52190563642667
714,Jacob Rodriguez,Female,High,84.81182648787576,22.323359070230385,3,77.67649292991422,99.0
715,Shannon Andrews,Male,High,90.5165094100826,24.547333588479198,3,52.99973492348376,94.27255532539161
716,Erica Garcia,Male,Low,50.5711382433102,13.659901652845072,1,59.25508016831036,75.11232617920494
717,Daniel Chan,Female,Low,50.751508807309385,12.952498398895331,1,61.852314829889906,70.43887730364568
718,Robert Lewis,Male,Medium,73.18193893893073,21.5472590856952,2,60.07644044347947,81.24517326521278
719,Rebecca Walker,Male,Low,49.71527188139466,9.822568147150783,0,56.235476959555825,53.01214860434898
720,Richard Ortiz,Male,Low,51.5390088444603,14.565528990880413,4,66.54157433750287,66.03461819810163
721,Heather Ortega,Male,Low,41.449158036716874,10.702266612080415,3,50.0,56.438246198773435
722,Mr. Ryan Duran,Female,Medium,68.25907288947144,21.694052404437514,0,59.410924129433994,72.9696239927637
723,Timothy Rivera,Female,High,88.71632047011357,28.076837420065267,3,88.81663402462598,99.0
724,Emily Cox,Female,High,85.85432719063971,20.322806489777022,1,97.62587190530795,99.0
725,Elizabeth Taylor,Male,High,84.0800833182366,30.42991058087516,0,80.03695671847848,99.0
726,Teresa Jones,Female,Low,50.09216966532696,9.32018277442976,0,65.11463035408356,58.23984425420955
727,Michael Davis,Female,Medium,76.73790852680835,22.040288991405724,3,77.41475915530881,94.21679522192211
728,Stacey Butler,Male,High,82.30120159845319,26.836436567006704,5,62.575157674616165,90.39826418034762
729,Douglas Day,Female,High,81.10847637298843,34.190918383975614,1,73.14694164632132,98.33585578901811
730,Susan Snyder,Male,Low,50.97922627548841,10.882670088140738,5,57.308745131547354,57.43358913193918
731,Sarah Lam,Male,Low,45.10813611192484,10.253416019409013,1,69.85014278708509,51.6614151393601
732,Joseph Wilson,Female,Medium,77.04126377857236,17.902901970561338,3,69.62880860174354,71.59619113468243
733,Ana Kemp,Female,High,76.48708197881079,23.484101085828623,3,65.20185646497946,92.5616297638094
734,Tracy Colon,Male,High,90.14577818662822,28.99970950971025,5,89.87061111699441,99.0
735,Matthew Ward,Male,High,87.36298741206521,16.91844695781706,5,64.69029102188036,86.54413296016429
736,John King,Female,High,86.28014867156938,19.73158790426823,2,72.64862218828549,91.69530967932283
737,Bradley Wilson PhD,Female,Medium,79.91345491972757,12.660985392104035,2,69.42337834489622,76.18876678115521
738,Monica Kane,Male,Low,58.32737222231288,16.75153795986788,1,68.54160420714774,66.64236189090701
739,Cody Mcmahon,Male,Medium,80.07185032509065,26.553066862909624,0,78.53975976552223,90.71411273548364
740,Chelsea Smith,Male,Low,40.795628843341774,11.477753907312643,5,50.0,44.018152841159726
741,Brian Moon,Female,Low,43.60211516632149,11.155891384049946,2,55.63288530118106,54.12418084281192
742,Andrew Mckinney,Female,Medium,71.8759071115216,18.350260815565907,2,66.43514668643466,81.30961253610063
743,Andrea Solomon,Female,Medium,75.13045525105417,23.809391513040953,3,69.58139514518507,88.83816948946044
744,Brandon Miller,Male,Medium,77.58829510234561,13.36323432904713,3,50.0,65.59545682652791
745,Micheal Watkins,Female,High,81.37128093423267,26.191844913673926,0,77.03392540930201,99.0
746,Jeffery Carroll,Male,Medium,75.9338338223854,22.87598814891215,3,66.4132193491678,75.3633598801848
747,Michele Garcia,Male,High,81.22308533823339,27.505470849699226,1,66.48985916380494,99.0
748,Steven Campbell,Male,Medium,71.94241098504025,18.947908082993717,5,63.86323317811559,85.31771258611107
749,Edward Williams,Male,High,77.96669451575889,30.005230462835705,1,75.95528779013878,97.10888003853749
750,Karen Meyer,Female,Low,45.38383376944548,0.0,0,72.5547569831549,41.99032223613588
751,Samuel Pearson,Male,Medium,68.24157697191833,21.38937659765454,5,75.73019725214857,84.82847577514801
752,Mark Williams,Male,Medium,70.12063373511333,14.729621584362881,0,65.34194430881837,81.59059586006371
753,Julie Smith,Male,Medium,80.2682089830392,8.846835515717716,1,66.49162288433304,69.92984999587611
754,Megan Murray,Male,Medium,70.25300555584029,20.556012997624904,5,59.260524343916074,74.58532347633134
755,Randall Johnson,Female,High,98.16191032418695,31.86829272581479,5,65.48340523840378,99.0
756,Gregory Anderson,Male,Medium,77.46658950440445,17.31275742686154,3,65.95024984028127,80.56421031262055
757,Michael Wright,Male,Low,50.92418061847437,16.764372736014693,2,50.0,69.6972997313261
758,Corey Robertson,Female,High,80.70821109909393,33.06139128994323,1,66.69384665062474,99.0
759,Christina Hill,Male,Low,53.501549397044954,18.57457226792024,0,61.227112239002686,66.94684525610451
760,Kevin Wood,Female,High,82.12181086881112,33.199822646856965,0,86.29529584221811,99.0
761,Samuel James,Male,High,85.6100490732268,28.71063745535946,3,65.95684240340007,99.0
762,Kelly Horton,Female,High,97.80042269134397,25.377168194507963,4,80.95355430762599,99.0
763,Wesley French,Male,Medium,74.51970050137675,9.990170940514158,1,61.68422270834669,73.91775172006021
764,Devin Brown,Male,Medium,80.74636663142837,16.769687559350256,1,70.53165238037981,84.21047505346438
765,Nancy Suarez,Female,High,81.48411787437057,20.783767023419042,2,84.20344012612456,96.88326587535673
766,Nathan White,Male,Low,49.82505754751519,22.85471358748907,4,50.0,60.47884918760171
767,Martin Clark,Female,High,93.85400317817755,24.120570937838316,1,82.54740912141135,99.0
768,Paula Rivera,Female,High,81.86516471106117,25.61602403392243,0,74.83570356112428,99.0
769,Daniel Yates,Male,High,94.06224278998465,27.75742688020234,5,68.03533416571902,99.0
770,Amanda Jackson,Female,Low,53.538759677277376,12.218012231862268,0,52.94140569119659,61.96866452491434
771,Ronald Miller,Male,High,82.18766612052866,33.47525520215376,5,62.53421653459762,99.0
772,Tammy Zhang MD,Female,High,88.1620386952776,21.88675319132774,3,72.23225836884218,92.78857935580179
773,Sarah Taylor,Female,Medium,79.86277224813365,18.973037276186215,5,50.0,73.41423804327547
774,Stephanie Hoffman,Male,Low,53.10904981108598,8.28764707150976,5,50.0,39.83345364480565
775,Angela Cooper,Female,High,77.14887640054772,18.39988744389647,4,69.15124506630329,89.04250091487687
776,Aaron Chase,Male,Medium,71.36431412087566,14.941154545473573,5,57.4382024750462,62.05084745374066
777,Jennifer Garza,Male,Medium,73.76240682224248,17.81481601475794,5,57.58502554129221,69.51603045266538
778,Jacob Rivera,Female,Low,49.62783285449977,9.8534888774137,4,50.0,39.29737974930369
779,Christopher Larson,Male,Medium,78.10336048775339,14.53789510063072,2,70.79441518086064,78.49479440616196
780,Ryan Stewart,Male,High,85.88850500466627,17.96841268164083,5,78.74517074132523,91.28944614087372
781,Peter Ortega,Male,Medium,68.32327820644949,17.584472136856526,4,55.50234773151733,71.44790110033101
782,Deborah Ross,Male,Medium,76.90098925502981,10.476398129844988,0,57.967991446108556,65.5095824183056
783,Anthony Powell,Male,High,88.05292872641911,28.80027981844801,4,61.579555877568964,95.39420526879275
784,Kevin Flowers,Female,High,87.7989522396552,25.412198764672517,1,73.12797078805073,99.0
785,Michael Martinez,Female,High,90.4039036277731,17.71224250267535,2,72.48078682183491,90.40772884232769
786,Michael Hays,Female,Low,54.16961077274452,10.453954614750682,5,50.0,53.29438145447935
787,Nicole Koch,Male,High,87.29590039614219,21.239217972047083,3,61.03883335750106,87.79082830154259
788,Christina Davis,Male,High,84.64917144270676,26.5958725520959,5,65.43879172525811,98.81166687103062
789,Michelle Phelps,Male,High,76.69519533242004,31.70225223011572,3,75.81426620113972,99.0
790,Gary Patterson,Female,Low,52.14809109566293,2.624137651771278,4,52.950294658355645,45.824119019861314
791,Zachary Hill,Male,High,86.03843843581555,25.575130395737087,2,70.42576946891678,98.17119359880337
792,Renee Price,Male,Medium,76.35789418597686,17.199336022166797,2,61.87002177856566,80.02936228634023
793,Charlotte Sanchez,Male,Low,43.61625712089845,15.356700382252328,3,50.0,53.17121743441111
794,Deborah Wilson,Female,High,79.59471729795868,26.065983141188447,1,77.68560829625224,99.0
795,Angela Frazier,Female,Medium,80.26576426666452,14.240153341305906,4,53.515713658091855,71.62114855291793
796,Erin Fletcher,Male,Low,49.802224230716725,10.404730321666909,2,56.731278132412,52.60427348858363
797,Roger Williams,Female,Low,53.40750348686312,8.019870715982556,5,50.0,49.547313019295196
798,Bethany King,Male,Low,50.14159188065231,17.38003569299299,5,50.0,53.44588608594275
799,Andrea Wilson,Male,High,85.14878069747873,25.10655824335971,1,81.01107339191742,97.91131005364848
800,Margaret Leonard,Male,Low,54.69141902987999,21.50595342876504,3,50.83834516322504,59.492502506281504
801,Carla Davis,Female,Low,47.41977635891313,11.696695930926897,0,81.93033663980496,54.58169113010047
802,Debra Lucas,Female,Low,50.48060388470492,8.457966165447687,0,58.49800024567907,46.80478756502052
803,Becky Wolfe,Male,High,82.6886235564748,17.431428036935863,4,61.959454031579895,86.37831181040757
804,David Flores,Female,Low,47.827518862838424,2.9843016187202753,0,54.04535752910927,39.46183916887306
805,Mary Dyer,Male,Medium,73.4541393826568,10.079320284972551,1,50.23753666533548,68.61617341578591
806,Robert Bradford,Female,High,86.11066885816857,26.335633255057417,0,79.1940025070324,99.0
807,Joseph Gray,Male,High,82.60625689168262,27.54362511614967,5,61.66943942999241,87.25316365786011
808,John Cohen,Male,High,91.2787806278676,17.094046489839332,2,85.15390275560162,99.0
809,Tina Walker,Female,Low,45.52696348890248,16.475191570380577,4,50.0,60.03500850797624
810,Jessica Williams,Male,Medium,74.0656417791932,15.584694741582803,0,68.83234084204753,74.00827928001664
811,Cheryl Monroe,Male,Medium,72.80134470862913,18.733965059927748,2,59.64442158595597,80.5955801456267
812,John Wilson,Female,High,92.23488942176867,33.06110314127712,1,95.38851351853332,99.0
813,Ashley Jones,Female,High,85.98277388255788,29.48419657932766,2,72.78757233882088,99.0
814,Diane House,Female,High,90.15922269734317,23.657346760470837,5,88.32557043479201,97.12768428716504
815,Cindy Gillespie,Female,Low,42.57219813481514,7.544038872923563,0,63.141517621182665,41.058648925116245
816,Ray Weaver,Female,High,86.33525132934629,14.240922993353475,4,76.82066727335386,85.755322357704
817,Amanda Lambert,Female,Medium,79.44815397811719,14.404233403787899,2,69.68733147317519,78.35189638637074
818,Lauren Anderson,Female,High,85.41141994637712,23.944348805861527,4,75.93797298216252,96.69077997216043
819,Bernard Reynolds,Female,Low,55.32740187532676,7.06410236424408,0,50.0,44.6877307961108
820,Sarah George,Male,Medium,72.41355774949814,17.343715164538477,0,67.21116605849244,77.94173580413747
821,Danny Bentley,Female,Medium,82.0467372009279,18.384259414793842,2,74.45157971184321,87.5617538545804
822,Todd Fischer,Female,High,96.49449061809625,23.875720090959607,2,75.51102816525895,99.0
823,Matthew Nguyen,Female,Low,48.18580719780171,8.749987095882702,3,50.0,49.186812547176
824,Jonathan Anderson,Female,High,82.77248739299614,25.84327335983364,1,77.4759554942253,98.51313363499523
825,Ronald Hernandez,Male,Medium,82.2669223855885,20.209703247847045,2,83.04105516255491,96.92931897399913
826,Bryan Osborne,Female,Low,57.89786072865356,6.548004612785769,3,61.4689171553472,47.0765582906346
827,Cynthia Smith,Male,High,82.38569986423366,32.054661898731354,4,71.37995990633968,99.0
828,Joshua Kelley,Male,Medium,72.89906591452072,17.507059338578692,4,71.51449277058086,85.53190086807679
829,Donna Sanders,Male,Medium,73.59107695569746,18.094248114724238,3,60.334929796319486,80.15454792258839
830,Ryan Hogan,Female,High,78.27774744482862,28.541072116282784,5,52.96128413173281,92.93614962166647
831,Tracy Henderson,Female,High,80.40674026757901,26.166080656317508,5,60.75534011870445,91.64710969690906
832,Matthew Moore,Male,High,79.97929616623966,29.765683169566223,4,87.62888768508198,99.0
833,Alexis Mclean,Male,Medium,71.16101217447935,19.43562082600912,2,63.26006918170695,72.65029598920641
834,James Yang,Female,Medium,74.8265755630661,14.93781312679781,0,67.56616020624982,73.27523273736055
835,Christina Stanley,Female,Medium,76.1710736626826,19.80751762603051,0,67.00161803725119,82.35014720002641
836,Sherry Sanchez,Male,High,92.75250246407039,19.28136896339669,4,91.04136589573007,99.0
837,Bradley King,Female,Low,45.00822979630605,12.542798528882615,5,61.259589153620624,55.83136507947222
838,Mrs. Alyssa Pitts,Female,Medium,79.92161199238292,17.833850046777695,0,92.18780233448135,86.18537676087958
839,Nicholas Meyer,Male,Low,48.93005577887246,10.959415713637302,3,50.0,49.67178264098923
840,Brian Robles,Male,Low,49.752681451737836,11.357312442805346,3,51.95624488747095,49.54510525782136
841,Michael Allison,Female,Medium,78.37409746083301,8.590754772511804,5,50.0,60.6095997501797
842,Christopher Brown,Male,Low,44.386389892188504,9.256375461295193,2,65.76934426118274,57.48745758156835
843,Brittney Cummings,Female,High,86.91204873092025,25.464224505705573,4,60.32220448732065,89.55983459909345
844,Joseph Anderson,Male,Medium,75.83226104106528,18.799281959987002,5,62.167755637626286,87.08627373837027
845,Brenda Thompson,Female,Medium,77.46225632004075,12.86162429537021,1,57.02697472367156,77.16809255048514
846,Jon Vincent,Male,Low,51.44584321953909,18.328539204323505,4,50.0,66.02689268602234
847,Renee Atkinson,Male,Medium,87.27650069955448,13.669125758927496,1,59.627375689503,76.3870663372594
848,James Lewis,Male,Low,46.81130007874342,16.847286002633684,4,50.0,56.191559639262245
849,Nicholas Martin,Male,Low,47.34501522499091,14.135971809358423,2,50.0,47.73541318860291
850,Edwin Morse,Female,Medium,71.88429736787617,14.768863450780984,1,62.517312050749226,72.1082366679784
851,Mike Miller,Female,Low,47.22261440419873,20.87655446304756,3,57.33333911780307,67.10918709089324
852,Donna Nelson,Female,Low,46.81306436346741,6.0318158412175995,5,50.0,49.943720063755066
853,Philip Reid,Female,Low,55.94508265553776,16.595770868050007,1,55.20541427013867,57.818798300904454
854,James Lewis,Male,High,92.10252123994927,30.002911590214893,4,84.17959152305559,99.0
855,Joseph Wilson,Male,High,82.14626853125262,21.646898954616777,1,72.86803635486604,94.43870096333838
856,Christina Sandoval,Female,High,80.83822213447885,31.962326500321645,5,62.82081109252398,95.05737797097228
857,Zachary Ward,Female,Medium,77.35707778193202,16.749767427005235,3,61.694753748197485,81.00772435843034
858,Mr. Adam Parks,Male,Low,47.23888477859514,13.443468146399285,5,56.797252083607106,50.94693965348628
859,Kelly Nelson,Male,Low,53.164659088777555,13.301609193856104,5,50.0,53.750842912253226
860,Bryan Jackson,Male,Low,51.0146151042565,11.32845629264726,2,50.0,50.74024673331993
861,Heather Trujillo,Male,High,77.42127942501384,29.05404136579891,1,82.8387665118804,99.0
862,Brenda Gilbert,Female,Low,57.737526006650306,15.967443602761065,5,50.0,59.720717798570625
863,Dr. Melissa Montgomery,Male,High,93.9793883654776,16.257340133809095,2,82.81359510442948,94.86659414525069
864,Stacy Jones,Male,Medium,71.93605654757806,24.521701214390763,4,66.08607307701767,84.16699658801211
865,Jacqueline Mathis,Male,Medium,73.06149220032007,9.687540059821629,2,62.92191528861116,65.08391143009561
866,James Moon,Male,Low,51.429326953624525,17.162731021708286,4,50.0,60.76463136141453
867,Debra Graves,Male,Low,51.67228394993513,17.633525684137915,4,50.0,68.09723074340098
868,Donald Morgan,Male,High,88.29272136336415,19.54516784892401,0,85.3481733634591,99.0
869,Joyce Griffin,Female,High,95.05102269383175,22.945928560227077,4,84.28980502489063,99.0
870,Cameron Randall,Female,High,84.11526386252976,19.47147665757032,2,69.62692252971205,84.94884466724258
871,Christian Wright,Male,Medium,71.00851377730773,16.925394848556323,2,70.58386703551484,79.67784663631399
872,Jacqueline Decker,Female,High,78.10340385992737,23.459828579071292,4,51.12972981397931,82.24523318819496
873,Karen Kelley,Female,High,81.3453498002904,28.898302661346698,5,64.153822693428,91.57762528410109
874,Erin Jacobs,Female,High,84.83436513563102,31.55154373059804,4,71.68941067129099,99.0
875,Michele Hopkins,Female,Low,58.97278931758894,18.97841905394978,5,50.0,69.82271526384318
876,Morgan Gay,Male,High,82.41194350481915,22.18915986710849,3,64.63493625210404,97.2323292614373
877,Michael Harrison,Female,Low,51.11893975819449,10.95389063127736,5,50.0,52.30726827108263
878,Thomas Kerr,Female,Medium,74.91788551963624,9.582809038895249,4,64.92192728326373,61.27960044005825
879,Kayla Cole,Male,High,90.94196636724043,20.970649667519055,2,74.12670981593625,96.79817583576022
880,Wendy Walker,Female,Low,62.63466212936811,16.824258165487286,3,50.0,65.25147469484067
881,Brian James,Female,High,82.3456561353984,33.07791411774116,2,54.792998473649334,99.0
882,Dr. Jacqueline Bennett PhD,Male,Low,47.552802787408886,5.82825564060039,1,50.0,36.296059966280296
883,Penny Guzman,Male,High,90.22080438534536,22.037678704235528,1,82.57686586053552,97.35500671728207
884,Michael Davies,Male,High,88.40945744813156,24.867971215205365,4,50.0,92.88495961675547
885,Stacey Johnson,Male,Medium,84.23353662868017,19.400805794098034,1,63.00269823848369,88.05664562352075
886,Holly Reynolds,Female,Low,52.91964092662982,7.95198240039177,5,50.0,37.22959614562232
887,Ryan Farmer,Female,Low,48.203539546064704,14.120305222320448,2,64.88337778208448,58.880175542436476
888,Brandon Nichols,Female,Low,52.95327415346155,9.630803264645419,5,50.0,50.953517428353884
889,Katherine Martinez,Male,Low,55.54351790291454,11.927738645608605,1,56.829889847409284,62.32772043269999
890,Lori Shah,Male,High,89.10241090598682,27.7314212400185,3,75.41257140087463,99.0
891,Thomas Henderson,Male,Medium,77.53637015553649,18.032111349054688,3,50.0,79.06593827512425
892,Gina Taylor,Female,Low,55.33337344794577,9.818070547367157,1,60.682072166317376,52.61995315240444
893,Jonathan Flowers,Male,Low,55.84647795222836,11.451950980370846,1,55.15396505456288,47.587111188088684
894,Andrew Lopez,Female,Low,56.91079495518763,11.558185203973323,3,54.0826863967459,54.39368236055981
895,Heather Andrade,Male,High,88.24354943794822,23.14994485058936,2,100.0,99.0
896,Edward Bush,Male,Medium,74.16440959841573,16.706019686664487,1,50.0,81.18026010098583
897,Shelly Weber,Male,Low,50.733568432166614,19.993235852523583,2,68.24696649761108,72.31214585666719
898,Jermaine Hall,Male,High,91.03254483254179,27.804597239706194,1,75.12552480599645,99.0
899,Taylor Franco,Female,Medium,70.91532164506381,16.522598409854197,4,64.87328904403009,77.55343170498942
900,Bryan Turner,Male,Low,51.84336654436451,15.484772022553678,1,52.54487754698758,56.801942575102586
901,Andrew Brooks,Female,Medium,73.0333059383632,16.33090255121995,1,63.757636666019565,76.78739496884698
902,Jared Garcia,Female,Medium,75.14372411467409,23.865623187933206,2,60.30167071761241,94.13208631580486
903,Craig Thompson,Male,Medium,81.39225931303649,19.84821096099047,3,67.29508735573009,80.3504930561628
904,Ruben Myers,Female,Low,50.95549534009952,11.463489279978855,4,50.0,60.21227922556369
905,Lacey Leach,Female,Low,50.23218274078074,14.238584629051388,2,58.50579167521766,57.12077138127897
906,Alexander Clark,Female,High,78.2007192951004,17.145619239657503,2,71.83805595114745,94.03360813644879
907,Jerry Hayes,Female,Medium,78.7312678301361,12.366162655450974,5,50.0,61.79782727110792
908,Kaitlyn Hughes,Male,Medium,78.22742090570537,12.030374968004722,0,65.49987142004187,78.30690075572362
909,Dawn Schmidt,Male,High,95.8162736165273,25.714715473818533,4,84.57149216862572,99.0
910,Susan Willis,Male,Low,48.461108825234994,20.66257499742546,1,50.0,56.60319756738362
911,Mitchell Greene,Female,High,86.0957516383197,36.0,0,83.5845361820962,99.0
912,Jane Hernandez,Male,Medium,76.24691841855378,21.190255507203787,1,60.69043724284526,88.68156409189947
913,Carlos Hoover,Male,Low,57.887266398817374,14.504222374722286,3,56.5792184992362,56.80903176599707
914,Sara Guerra,Female,Low,49.52352233806524,2.9947113292363046,3,55.85507738790204,36.164505944388274
915,Barbara Ferguson,Male,High,86.39510762885169,22.28663100132989,0,98.48608833296412,99.0
916,Kimberly Gaines,Female,Low,53.0394825485827,8.061081240458805,2,50.0,49.45191386409774
917,Michelle Solomon,Male,Low,50.93304561578179,8.89576200874442,3,55.686548047579066,53.99569520885223
918,Leslie Solomon,Female,High,82.76783192724736,24.159280907076052,1,78.98067539538944,99.0
919,Michelle Robinson,Male,High,85.97044996449154,22.639547111514364,3,86.95871781863015,99.0
920,Melanie Wood,Female,Medium,80.36815874929886,8.103500948121061,5,52.8116761239127,74.49248404860994
921,Maria Hart MD,Male,Low,44.867423502944696,15.73955128058767,3,56.45005312877281,58.39062059919139
922,Hannah Matthews,Male,Medium,75.66484837073438,12.636284871300967,0,68.05302703883318,74.11325677547038
923,Jesse Wong,Female,High,81.49939592530413,26.196234320555746,1,77.35811822891502,93.68483822794892
924,Larry Garcia,Male,High,90.97523314462421,35.370413348749864,0,80.91752484448372,99.0
925,Samantha Floyd,Male,High,77.38406547608113,20.403077042067885,4,74.52240396426677,89.11210510313828
926,Brian Juarez,Male,Medium,72.20539076364206,5.348562386268352,2,64.83770956878041,68.55326802102033
927,Keith Carter,Female,High,86.8860593753226,23.569978890599447,0,82.14713183170527,99.0
928,Andrew Schultz,Female,Medium,82.8276201461717,23.504798174992857,5,75.78118057562185,85.67431443298356
929,James Marshall,Female,Low,49.67124869463506,21.791737271102967,4,56.85449685615218,66.93620519207843
930,Sarah Harrison,Male,Medium,72.22400236653401,11.852252027737915,4,70.69154592496896,75.67742301603506
931,Carla Bell,Male,Low,59.40578534720295,14.483496116182609,1,50.0,68.28266627523948
932,Emily Serrano,Female,High,77.75993049791877,22.673447716099734,0,71.10759171771676,99.0
933,Dawn Anderson,Male,Low,39.00597021689959,11.470258228479322,4,56.55300558237752,53.136832907205665
934,Dana Sanders,Male,Low,52.200072250266665,25.221716735085174,5,53.760467925297945,70.07465933287408
935,Julia Garza,Female,Low,47.489728878236946,4.485148358024234,0,69.72670675750982,52.237641635294054
936,William Castaneda,Male,Medium,69.89383591434644,19.268698307472867,0,63.9601937403077,86.51555496032913
937,Kayla Vang,Female,Low,53.541782236496765,14.338465858827167,4,50.0,49.958984937793055
938,Kenneth Thompson,Male,High,86.219003568856,30.428931624696737,5,53.605158374745656,97.8366702535174
939,Elizabeth Mendoza,Male,Medium,72.17960684631636,18.48991576735448,2,62.07528893939127,74.8194845973881
940,Ashley Warren,Female,Low,43.59847800664553,13.540252697520511,2,60.96570510579447,57.873171565051784
941,Todd Walters,Female,Medium,79.36228664140073,16.041757162891045,3,59.33504620771802,83.44664799259888
942,Ashley Stephens,Male,High,88.2510058897933,26.345634706225535,2,82.40479795200824,99.0
943,James Collins,Male,High,84.50412068110309,23.28403862251295,2,74.09496894002189,86.01946346411616
944,Kyle Johnson,Female,Medium,84.23318498023833,21.107859449280255,5,63.2405702822156,83.43377269077398
945,Scott Lowery,Male,High,79.64957616836924,23.15194831978183,1,66.52308610184332,98.66646294172591
946,Dr. Stephen Sharp,Female,Medium,67.37237414537631,19.885501969510933,1,68.852094496339,83.65532988521474
947,John Gill,Male,Low,46.540459650593775,11.853685931575109,1,50.0,54.48153821718052
948,Warren Johnson,Male,Medium,74.77206991822251,23.63025125386084,5,58.13103841838016,81.80447448806366
949,Robert Andrews MD,Female,Medium,76.21669724661346,17.74303138205757,2,50.0,69.38316287601553
950,Jonathan Crawford,Female,Medium,73.79381971071835,9.134837658965592,3,76.05994516546816,74.37378823280883
951,Dominique Stevens,Male,High,86.76027698257148,31.309607503569957,2,83.77407352764511,99.0
952,Gerald Edwards,Male,High,78.74230287904778,20.471338495686904,2,80.66670981966081,99.0
953,Dr. Christopher Kemp MD,Female,Low,57.2188230203663,8.731168306755901,0,70.2100622715938,62.28048589950433
954,Daniel Martin,Male,High,84.58924410803715,22.02169352978254,2,66.51083479175162,91.31173880370964
955,Rebecca Page,Female,Low,55.58647915794064,18.872190465854086,5,62.473631979155584,63.06638357900469
956,Lori Turner,Female,High,86.71362673188852,14.321628930106522,0,89.32191564260384,93.20325906859644
957,Brittney Mcclain,Male,High,87.28376609576893,36.0,4,69.63444712781055,99.0
958,Sharon Rios,Female,Medium,77.84883640116102,23.28028404533026,1,79.35620147182944,97.96690473405933
959,John Johnson DVM,Female,High,87.23854280008658,26.1161945706458,2,64.93706487588366,99.0
960,Charlene Garcia,Male,Low,53.21361379933772,11.725529996918569,1,50.0,51.197922821494736
961,Autumn Rice,Male,Medium,81.64576265066216,19.427770374288286,3,57.914102767603,91.29806376547062
962,Mark Johnson,Female,Medium,75.98260584850735,20.605612141896692,2,60.71022291935985,82.57938544308803
963,Chad Woods,Female,Low,53.54501878794256,15.226077929750286,2,50.0,62.53349941072185
964,Richard Zhang,Female,Medium,74.55132152856386,20.778022330017244,3,76.23083067095325,83.08227207150841
965,Sergio Nicholson,Male,Low,57.200586077247365,12.447903406276245,1,50.41145599630168,59.256733456043555
966,Preston Bishop,Male,Low,46.61803848970365,11.013307898463369,5,50.0,50.918734829753475
967,Diana Washington,Female,High,94.00470216455408,24.243633581732443,0,74.2964863358632,94.53494060417876
968,Brian Moore,Female,High,84.79921024677829,24.025458598236597,4,53.79396699451483,99.0
969,Jason Fox,Male,Low,42.84612448940976,17.668850484335323,1,55.70057358391422,66.0044647567533
970,Peter Jones,Male,Low,50.64052207455395,14.96778361140431,1,50.0,55.73157258277681
971,Alexander Jones,Female,Low,46.5947417126256,0.0,4,50.0,31.12654798277096
972,Pamela Martin,Female,Low,54.20321774494362,15.279503882648804,0,50.0,61.75449982617377
973,Matthew Barajas,Male,Low,46.73688010348805,12.973680973593874,2,70.87275999230808,59.958485704472274
974,Kelly Garcia,Male,Low,47.7690828339261,11.906456217770513,4,56.11362722174722,55.00781350423537
975,Sandra Carter,Female,Medium,65.55229634527234,16.05740773455557,5,61.05753791271481,72.2649561743605
976,Gloria Phillips,Male,Low,47.73846840375462,17.620563599930065,3,61.63706677654669,64.76238866091155
977,Stephen Esparza,Male,High,72.88060336685521,29.737632310614288,4,63.536840225342644,99.0
978,Daniel Weaver,Male,Low,42.08048588257138,8.135611660881954,0,60.43479378670093,52.565882507740405
979,Jeffrey Johnson,Male,High,88.80207328072149,27.035261435622676,3,75.99810433718713,99.0
980,Melissa Harmon,Male,High,88.92900079325416,20.14171632729357,1,80.6402008133367,99.0
981,Charles Carpenter,Female,Medium,77.12728780892482,11.101909176055347,5,72.72353500106767,81.69333945259808
982,Lauren Reyes,Male,High,80.16511928435393,21.866413877050174,2,83.32492102779803,99.0
983,Richard Williams,Female,Medium,74.7614432192901,22.311967361913794,3,66.88723662825024,79.62763894428967
984,Jack Cisneros,Female,Low,49.98198730454716,16.765625226880434,5,50.0,58.82595525982676
985,Charles Poole,Male,Low,44.20817655403729,14.565427100486465,3,50.0,43.25128962625374
986,Mr. Juan Nguyen MD,Male,Medium,82.51699150883576,21.625478934239986,4,60.772910664042755,87.95499030573116
987,Sarah Orr,Male,Medium,79.38681145287836,20.58089143557479,5,60.93372374276652,79.49090993583718
988,Brandon Butler,Male,High,83.89517913085169,21.792592023885238,5,58.697962753260754,99.0
989,Tyler Gallagher,Female,Medium,75.13442919497265,20.159612723369705,0,94.11676675578421,88.60726212267507
990,Robert Reed,Male,Low,51.04191403973776,16.002047626138413,4,62.163940552535735,52.82248974318561
991,Michael Flores,Female,Medium,64.79132565787855,21.771456649067872,5,66.02118320392483,76.99231449969771
992,Paula Norman,Female,Medium,73.76411308739702,23.944566857373214,1,68.72036861283745,78.47779719157221
993,James Patterson Jr.,Female,Low,46.59007876001101,15.54151923600532,5,50.0,58.54135185974734
994,Amy Sawyer,Male,Medium,69.99189995052542,19.757241037707914,0,60.48081539977764,69.52427861411135
995,Tony Wilson,Male,High,83.59449853557022,30.350751191582138,2,76.77480518518863,99.0
996,Roger Nguyen,Female,Medium,83.98843263424762,17.8673937037547,5,62.57752540142751,70.92044401935196
997,Maria Morris,Male,Low,53.20421430633505,7.590626743861411,2,50.0,47.788948792484504
998,Warren Berry,Male,Medium,72.14410505108602,17.18466518028118,0,73.34176417244898,89.69866026752919
999,Jeffery White,Female,Low,52.86291390678079,8.275486775967755,4,50.0,50.8789891510526
